dpd_bucket,risk_segment,geography,accounts,recovered,outstanding,month,recovery_per_account,recovery_rate
0-30,HIGH,Delhi,315,2668346.9,112167455.85,2026-01,8470.942539682539,0.0237889580340339
0-30,HIGH,Haryana,295,788927.07,100731312.59,2026-01,2674.3290508474574,0.007831994339348258
0-30,HIGH,Karnataka,292,1455874.34,99001217.38,2026-01,4985.87102739726,0.01470562058254157
0-30,HIGH,Maharashtra,602,3807685.6,215550381.27,2026-01,6325.059136212625,0.01766494486145429
0-30,HIGH,Odisha,345,2493467.85,115580593.76,2026-01,7227.443043478261,0.0215734127060951
0-30,HIGH,Rajasthan,310,2228332.57,108175740.4,2026-01,7188.169580645161,0.0205991894463613
0-30,HIGH,Tamil Nadu,303,2276704.41,110306445.43,2026-01,7513.87594059406,0.020639813032909186
0-30,HIGH,Telangana,323,1429376.35,120296464.59,2026-01,4425.313777089784,0.011882114365302978
0-30,HIGH,UNKNOWN,333,1566709.27,115634653.5,2026-01,4704.832642642643,0.01354878682626052
0-30,HIGH,West Bengal,334,3042556.29,111167108.21,2026-01,9109.44997005988,0.027369213241136628
0-30,LOW,Delhi,290,1932995.65,108940090.67,2026-01,6665.50224137931,0.017743657436961446
0-30,LOW,Haryana,294,1630137.52,109141140.64,2026-01,5544.685442176871,0.014936049874876954
0-30,LOW,Karnataka,272,2380555.01,90326829.97,2026-01,8752.040477941177,0.0263549048581761
0-30,LOW,Maharashtra,606,4174993.31,209570697.98,2026-01,6889.427904290429,0.01992164625227537
0-30,LOW,Odisha,281,2035055.03,96050511.1,2026-01,7242.18871886121,0.021187342021337773
0-30,LOW,Rajasthan,278,1977475.93,102167331.89,2026-01,7113.222769784173,0.01935526643809275
0-30,LOW,Tamil Nadu,294,1675103.75,106399757.38,2026-01,5697.631802721088,0.015743492196297712
0-30,LOW,Telangana,331,1363025.85,118057554.11,2026-01,4117.902870090635,0.011545435277525759
0-30,LOW,UNKNOWN,329,2246147.12,111310194.53,2026-01,6827.194893617022,0.020179168040126146
0-30,LOW,West Bengal,306,1918178.19,107528519.76,2026-01,6268.556176470588,0.017838785415081583
0-30,MEDIUM,Delhi,325,1487562.6199999999,117424901.96,2026-01,4577.115753846154,0.012668204062088365
0-30,MEDIUM,Haryana,295,2121561.82,103591901.81,2026-01,7191.7349830508465,0.020479996823411922
0-30,MEDIUM,Karnataka,356,1699351.84,124232404.36,2026-01,4773.4602247191015,0.013678813098357393
0-30,MEDIUM,Maharashtra,608,3437275.46,217351264.46,2026-01,5653.413585526316,0.01581437986358057
0-30,MEDIUM,Odisha,343,2279745.81,116523132.97,2026-01,6646.489241982507,0.019564748663142645
0-30,MEDIUM,Rajasthan,331,2244972.39,116368077.2,2026-01,6782.393927492448,0.01929199522770838
0-30,MEDIUM,Tamil Nadu,320,2504070.52,111434675.27,2026-01,7825.220375,0.022471196814930153
0-30,MEDIUM,Telangana,336,1546365.91,116818301.32000001,2026-01,4602.279494047619,0.013237360007179394
0-30,MEDIUM,UNKNOWN,309,1716865.55,106698791.07,2026-01,5556.1991909385115,0.016090768534328063
0-30,MEDIUM,West Bengal,291,1622649.31,100961843.28,2026-01,5576.114467353952,0.01607190654691066
0-30,NPA,Delhi,306,1581425.73,114780283.4,2026-01,5168.05794117647,0.013777851762997128
0-30,NPA,Haryana,275,2627529.26,96635175.18,2026-01,9554.651854545455,0.02719019503100982
0-30,NPA,Karnataka,324,1798843.44,107469684.89,2026-01,5551.985925925926,0.01673814752356626
0-30,NPA,Maharashtra,584,4411767.53,207037238.79,2026-01,7554.396455479453,0.02130905317219238
0-30,NPA,Odisha,322,1287424.98,121588038.63,2026-01,3998.2142236024843,0.010588418026198405
0-30,NPA,Rajasthan,274,1438568.92,96917312.46,2026-01,5250.251532846715,0.014843260543297983
0-30,NPA,Tamil Nadu,302,1855233.7,108943853.62,2026-01,6143.157947019868,0.017029264509690657
0-30,NPA,Telangana,330,2241019.44,113184383.36,2026-01,6790.968,0.019799723013660814
0-30,NPA,UNKNOWN,327,1708188.6,114583504.55,2026-01,5223.818348623853,0.014907805505762043
0-30,NPA,West Bengal,274,1812489.34,101670377.13,2026-01,6614.924598540147,0.01782711337524081
31-60,HIGH,Delhi,133,1183302.51,45636088.75,2026-01,8897.01135338346,0.02592909564363138
31-60,HIGH,Haryana,121,1087458.95,46061635.3,2026-01,8987.264049586776,0.023608778605391807
31-60,HIGH,Karnataka,127,564390.11,46788655.47,2026-01,4444.016614173228,0.012062541749289554
31-60,HIGH,Maharashtra,283,1248809.5,91974747.64,2026-01,4412.754416961131,0.01357774315280524
31-60,HIGH,Odisha,102,715635.55,37214770.21,2026-01,7016.034803921569,0.019229879587102792
31-60,HIGH,Rajasthan,98,932736.26,35608409.15,2026-01,9517.716938775511,0.026194269338763763
31-60,HIGH,Tamil Nadu,132,1306443.1,45964731.42,2026-01,9897.296212121213,0.02842272889756396
31-60,HIGH,Telangana,101,808093.97,37031743.76,2026-01,8000.930396039604,0.02182165590789344
31-60,HIGH,UNKNOWN,135,966380.66,46010756.24,2026-01,7158.375259259259,0.021003363973397714
31-60,HIGH,West Bengal,113,694924.23,37594130.2,2026-01,6149.771946902655,0.0184849131048655
31-60,LOW,Delhi,146,1154586.1400000001,53317844.8,2026-01,7908.124246575343,0.021654778889337256
31-60,LOW,Haryana,125,230294.82,45123097.51,2026-01,1842.3585600000001,0.005103701490106326
31-60,LOW,Karnataka,126,766116.09,44502925.57,2026-01,6080.286428571429,0.017214960144473036
31-60,LOW,Maharashtra,276,1663574.57,97521406.24,2026-01,6027.444094202899,0.017058558055509845
31-60,LOW,Odisha,114,891322.85,36918013.68,2026-01,7818.62149122807,0.024143304613456658
31-60,LOW,Rajasthan,113,534306.8,39890170.589999996,2026-01,4728.378761061947,0.013394447606948679
31-60,LOW,Tamil Nadu,119,721743.6,43249181.58,2026-01,6065.072268907563,0.016688029082468477
31-60,LOW,Telangana,134,906320.27,43326636.47,2026-01,6763.5841044776125,0.02091831593314541
31-60,LOW,UNKNOWN,139,829999.6699999999,47243766.25,2026-01,5971.220647482014,0.017568448408788746
31-60,LOW,West Bengal,139,933965.84,47679221.24,2026-01,6719.178705035971,0.01958852967205049
31-60,MEDIUM,Delhi,141,970041.72,50564876.43,2026-01,6879.728510638298,0.019184101465033482
31-60,MEDIUM,Haryana,133,265535.43,46491957.33,2026-01,1996.506992481203,0.00571142720697322
31-60,MEDIUM,Karnataka,110,967899.9,40611777.81,2026-01,8799.09,0.023832985212523007
31-60,MEDIUM,Maharashtra,213,1502309.09,72852966.98,2026-01,7053.094319248827,0.02062111060504128
31-60,MEDIUM,Odisha,132,1114228.6199999999,45632277.37,2026-01,8441.125909090908,0.024417554507865227
31-60,MEDIUM,Rajasthan,116,704058.74,42499917.47,2026-01,6069.471896551724,0.016566120169456414
31-60,MEDIUM,Tamil Nadu,134,807325.45,47459519.41,2026-01,6024.8167910447755,0.017010822276255326
31-60,MEDIUM,Telangana,123,981017.6900000001,40050350.269999996,2026-01,7975.753577235773,0.02449460949495961
31-60,MEDIUM,UNKNOWN,127,1054224.74,41859556.23,2026-01,8300.982204724409,0.025184804497388722
31-60,MEDIUM,West Bengal,130,676136.78,46656640.83,2026-01,5201.052153846154,0.014491758685834221
31-60,NPA,Delhi,126,1169873.19,43941303.45,2026-01,9284.707857142857,0.02662354318485743
31-60,NPA,Haryana,129,460489.98,43440699.38,2026-01,3569.68976744186,0.010600427400393294
31-60,NPA,Karnataka,135,699727.61,44162095.44,2026-01,5183.167481481481,0.01584452918341866
31-60,NPA,Maharashtra,258,1353760.52,92895321.88,2026-01,5247.133798449612,0.014572967643610258
31-60,NPA,Odisha,135,969510.25,46481906.12,2026-01,7181.5574074074075,0.020857798892693086
31-60,NPA,Rajasthan,112,1097669.47,35414680.64,2026-01,9800.620267857143,0.030994758392941982
31-60,NPA,Tamil Nadu,138,631221.49,46017491.589999996,2026-01,4574.068768115942,0.013716990391913712
31-60,NPA,Telangana,109,717143.75,40249832.67,2026-01,6579.3004587155965,0.01781731009616145
31-60,NPA,UNKNOWN,117,507513.71,41377143.23,2026-01,4337.724017094018,0.012265557029370586
31-60,NPA,West Bengal,120,454347.49,37172054.57,2026-01,3786.229083333333,0.01222282424944799
61-90,HIGH,Delhi,121,1127006.99,43535642.16,2026-01,9314.107355371902,0.02588699589770792
61-90,HIGH,Haryana,118,399846.57,45204714.19,2026-01,3388.5302542372883,0.008845240527777796
61-90,HIGH,Karnataka,115,688576.4299999999,39636559.839999996,2026-01,5987.621130434782,0.017372255129596535
61-90,HIGH,Maharashtra,253,1016537.6,88602224.9,2026-01,4017.9351778656123,0.011473048234932077
61-90,HIGH,Odisha,111,1162768.51,37014815.26,2026-01,10475.391981981982,0.03141359755093912
61-90,HIGH,Rajasthan,114,674726.97,37510403.14,2026-01,5918.657631578947,0.017987729096957925
61-90,HIGH,Tamil Nadu,144,964313.54,50481290.33,2026-01,6696.6218055555555,0.01910239484165737
61-90,HIGH,Telangana,110,915141.1799999999,33919022.06,2026-01,8319.465272727271,0.02698017585475163
61-90,HIGH,UNKNOWN,138,872592.08,49058118.24,2026-01,6323.131014492753,0.017786904824419535
61-90,HIGH,West Bengal,140,912999.55,52947410.2,2026-01,6521.425357142857,0.01724351666212373
61-90,LOW,Delhi,123,244238.33,43211629.73,2026-01,1985.6774796747966,0.005652143451336567
61-90,LOW,Haryana,129,1109521.28,44047221.56,2026-01,8600.94015503876,0.025189359072027698
61-90,LOW,Karnataka,138,641503.48,46973808.87,2026-01,4648.575942028985,0.013656620474940848
61-90,LOW,Maharashtra,225,1435754.02,74938081.56,2026-01,6381.128977777777,0.019159204373953017
61-90,LOW,Odisha,131,287053.42,46168677.64,2026-01,2191.2474809160303,0.006217492782407532
61-90,LOW,Rajasthan,114,837242.4,38105352.3,2026-01,7344.231578947369,0.021971779539222372
61-90,LOW,Tamil Nadu,115,1069412.11,37625238.5,2026-01,9299.235739130436,0.028422733054569212
61-90,LOW,Telangana,137,614827.96,51402768.43,2026-01,4487.795328467153,0.011960989238104349
61-90,LOW,UNKNOWN,141,738111.8200000001,49667781.36,2026-01,5234.83560283688,0.014860978279864122
61-90,LOW,West Bengal,129,678264.4,47025152.2,2026-01,5257.863565891473,0.01442343869755726
61-90,MEDIUM,Delhi,145,884087.63,52332184.2,2026-01,6097.156068965517,0.01689376515647134
61-90,MEDIUM,Haryana,110,624214.6699999999,36393936.14,2026-01,5674.678818181817,0.01715161194982522
61-90,MEDIUM,Karnataka,102,875096.96,35627533.55,2026-01,8579.381960784312,0.0245623783855787
61-90,MEDIUM,Maharashtra,242,1036412.11,92628065.14,2026-01,4282.694669421488,0.011188964256497694
61-90,MEDIUM,Odisha,139,1413439.21,48662201.42,2026-01,10168.627410071942,0.029045936450772265
61-90,MEDIUM,Rajasthan,119,877702.26,39804658.22,2026-01,7375.6492436974795,0.02205023982743294
61-90,MEDIUM,Tamil Nadu,116,1001688.3200000001,41415013.8,2026-01,8635.244137931035,0.024186598725701745
61-90,MEDIUM,Telangana,129,831072.73,44889555.32,2026-01,6442.424263565891,0.018513721601285848
61-90,MEDIUM,UNKNOWN,121,179337.81,40256347.13,2026-01,1482.1306611570249,0.004454895259643495
61-90,MEDIUM,West Bengal,140,816350.5700000001,48952067.43,2026-01,5831.075500000001,0.016676528956971165
61-90,NPA,Delhi,110,543717.13,36901304.93,2026-01,4942.883,0.014734360506529653
61-90,NPA,Haryana,107,731427.51,36661129.52,2026-01,6835.771121495327,0.0199510358675932
61-90,NPA,Karnataka,131,937610.87,45998433.53,2026-01,7157.334885496183,0.02038353913483801
61-90,NPA,Maharashtra,256,1369035.82,90063652.62,2026-01,5347.796171875,0.015200758354497215
61-90,NPA,Odisha,129,920925.68,42106475.0,2026-01,7138.958759689923,0.02187135541505196
61-90,NPA,Rajasthan,140,1365449.8599999999,49005200.52,2026-01,9753.213285714284,0.02786336644909212
61-90,NPA,Tamil Nadu,110,812024.85,33141941.01,2026-01,7382.04409090909,0.024501427051450777
61-90,NPA,Telangana,131,430944.04,40290352.13,2026-01,3289.6491603053432,0.010695961122641097
61-90,NPA,UNKNOWN,127,805252.55,42687483.28,2026-01,6340.57125984252,0.018863903142710643
61-90,NPA,West Bengal,118,705448.74,40974948.92,2026-01,5978.379152542373,0.017216586197028014
90+,HIGH,Delhi,120,976988.74,39967413.84,2026-01,8141.572833333334,0.024444632417577508
90+,HIGH,Haryana,113,527849.55,35833622.12,2026-01,4671.234955752213,0.014730566400246453
90+,HIGH,Karnataka,136,1137164.53,50784664.09,2026-01,8361.503897058823,0.022391888385531702
90+,HIGH,Maharashtra,258,1309898.7,89484442.48,2026-01,5077.126744186046,0.014638284194403576
90+,HIGH,Odisha,139,963713.76,51669937.96,2026-01,6933.192517985612,0.01865134347066671
90+,HIGH,Rajasthan,110,859783.51,40165277.79,2026-01,7816.213727272728,0.021406138767302674
90+,HIGH,Tamil Nadu,132,636110.27,48746305.0,2026-01,4819.017196969697,0.013049404872841132
90+,HIGH,Telangana,125,605601.6,42556794.48,2026-01,4844.8128,0.014230432705278323
90+,HIGH,UNKNOWN,138,315783.83,52266536.36,2026-01,2288.288623188406,0.006041797524614084
90+,HIGH,West Bengal,120,910461.27,38300355.95,2026-01,7587.17725,0.023771613798800738
90+,LOW,Delhi,122,829972.62,43898418.410000004,2026-01,6803.054262295082,0.018906663384732177
90+,LOW,Haryana,103,460354.63,36286506.75,2026-01,4469.462427184466,0.012686661550853197
90+,LOW,Karnataka,126,945293.54,38871232.8,2026-01,7502.329682539683,0.024318589144412216
90+,LOW,Maharashtra,264,766705.04,90836743.12,2026-01,2904.1857575757576,0.008440472584834347
90+,LOW,Odisha,140,606299.06,51505388.22,2026-01,4330.707571428572,0.011771565674066092
90+,LOW,Rajasthan,123,663491.82,44618435.01,2026-01,5394.24243902439,0.014870351679777573
90+,LOW,Tamil Nadu,129,998679.18,43674716.18,2026-01,7741.699069767442,0.022866300398703587
90+,LOW,Telangana,132,1244376.23,47385489.19,2026-01,9427.092651515151,0.026260702406394214
90+,LOW,UNKNOWN,160,758478.27,55252562.19,2026-01,4740.4891875,0.013727476879565863
90+,LOW,West Bengal,120,545452.59,43550999.88,2026-01,4545.43825,0.012524456189362694
90+,MEDIUM,Delhi,119,647106.55,37606926.48,2026-01,5437.8701680672275,0.017207110779024773
90+,MEDIUM,Haryana,109,921401.5399999999,35540462.04,2026-01,8453.225137614678,0.025925423787765703
90+,MEDIUM,Karnataka,114,1500426.01,39822474.28,2026-01,13161.631666666666,0.037677870025106835
90+,MEDIUM,Maharashtra,209,1493858.8,63861635.64,2026-01,7147.64976076555,0.023392116174743186
90+,MEDIUM,Odisha,127,863403.8999999999,46848993.79,2026-01,6798.455905511811,0.01842950787524267
90+,MEDIUM,Rajasthan,110,1039985.3300000001,40388213.94,2026-01,9454.41209090909,0.02574972321244469
90+,MEDIUM,Tamil Nadu,128,830977.5900000001,47129761.8,2026-01,6492.012421875001,0.017631695095900107
90+,MEDIUM,Telangana,132,1110155.5899999999,47740868.75,2026-01,8410.269621212121,0.023253778556344345
90+,MEDIUM,UNKNOWN,148,572667.49,47259089.55,2026-01,3869.374932432432,0.012117615795245468
90+,MEDIUM,West Bengal,101,460116.74,34934334.78,2026-01,4555.611287128713,0.013170903150084255
90+,NPA,Delhi,127,826269.11,45368739.5,2026-01,6506.055984251969,0.018212300343940568
90+,NPA,Haryana,106,852734.78,39288664.35,2026-01,8044.667735849057,0.02170434638356445
90+,NPA,Karnataka,102,760309.48,37551241.54,2026-01,7454.014509803921,0.020247252788968637
90+,NPA,Maharashtra,239,1229605.98,84022001.55,2026-01,5144.794895397489,0.01463433335693965
90+,NPA,Odisha,134,672452.9299999999,44481549.32,2026-01,5018.305447761193,0.015117569875149303
90+,NPA,Rajasthan,125,775282.78,44906359.65,2026-01,6202.26224,0.017264431720641602
90+,NPA,Tamil Nadu,136,1027987.5700000001,43460587.63,2026-01,7558.732132352941,0.02365332882177599
90+,NPA,Telangana,140,918459.22,47343468.48,2026-01,6560.423,0.019399914063922004
90+,NPA,UNKNOWN,124,869870.05,45418673.68,2026-01,7015.081048387097,0.019152255658734595
90+,NPA,West Bengal,113,482918.16,37727610.26,2026-01,4273.61203539823,0.012800125867288367
0-30,HIGH,Delhi,284,1784607.85,101782653.06,2026-02,6283.83045774648,0.017533516727531055
0-30,HIGH,Haryana,263,1269187.85,90690433.15,2026-02,4825.809315589354,0.013994726962002607
0-30,HIGH,Karnataka,268,533266.48,91160697.05,2026-02,1989.8002985074627,0.005849741141267414
0-30,HIGH,Maharashtra,541,2963832.32,195734442.94,2026-02,5478.433123844732,0.0151421092551837
0-30,HIGH,Odisha,312,1316496.82,104355578.75,2026-02,4219.5410897435895,0.012615490573377708
0-30,HIGH,Rajasthan,283,1911983.4,100437677.62,2026-02,6756.125088339222,0.019036515432324867
0-30,HIGH,Tamil Nadu,269,1814561.69,99057523.13,2026-02,6745.58249070632,0.018318262285022268
0-30,HIGH,Telangana,295,794806.69,109914201.43,2026-02,2694.2599661016948,0.007231155570976702
0-30,HIGH,UNKNOWN,300,1017688.5,104300499.83,2026-02,3392.295,0.00975727347096837
0-30,HIGH,West Bengal,298,1581300.24,99313761.1,2026-02,5306.376644295302,0.015922267191228145
0-30,LOW,Delhi,259,1240005.84,97908933.05,2026-02,4787.667335907337,0.012664889723256974
0-30,LOW,Haryana,263,846127.98,97718326.94,2026-02,3217.2166539923955,0.008658846364812721
0-30,LOW,Karnataka,248,939513.55,81791774.03,2026-02,3788.3610887096775,0.011486650841628651
0-30,LOW,Maharashtra,538,3105932.81,184821073.05,2026-02,5773.109312267658,0.016805079414076045
0-30,LOW,Odisha,252,893407.84,84990901.92,2026-02,3545.2692063492063,0.010511805614687375
0-30,LOW,Rajasthan,244,1455834.44,91869971.24,2026-02,5966.534590163934,0.015846684399157977
0-30,LOW,Tamil Nadu,259,1600927.83,94936703.08,2026-02,6181.1885328185335,0.016863107502805858
0-30,LOW,Telangana,301,1838460.18,109212492.91,2026-02,6107.841129568106,0.016833790082193628
0-30,LOW,UNKNOWN,303,1246156.1199999999,102326366.69,2026-02,4112.726468646864,0.012178250438376823
0-30,LOW,West Bengal,266,1078349.6400000001,92281975.7,2026-02,4053.9460150375944,0.011685376605997395
0-30,MEDIUM,Delhi,297,1997231.39,106182036.27,2026-02,6724.684814814815,0.01880950356726475
0-30,MEDIUM,Haryana,263,1627192.77,90949486.4,2026-02,6187.044752851711,0.017891170521222424
0-30,MEDIUM,Karnataka,322,1602884.87,112460301.13,2026-02,4977.903322981367,0.014252895056248549
0-30,MEDIUM,Maharashtra,539,3270949.85,191566362.32,2026-02,6068.552597402598,0.01707476098823695
0-30,MEDIUM,Odisha,302,1625049.87,101613338.6,2026-02,5380.959834437086,0.01599248575422755
0-30,MEDIUM,Rajasthan,296,1386281.83,104884699.99,2026-02,4683.384560810811,0.013217197838504302
0-30,MEDIUM,Tamil Nadu,286,1763375.45,98871979.23,2026-02,6165.648426573426,0.017834936285618035
0-30,MEDIUM,Telangana,296,2226709.95,101242059.73,2026-02,7522.668750000001,0.02199392185360866
0-30,MEDIUM,UNKNOWN,277,1522021.36,95692792.74,2026-02,5494.661949458484,0.01590528728882827
0-30,MEDIUM,West Bengal,262,1273651.4200000002,91116893.7,2026-02,4861.264961832062,0.013978213789788141
0-30,NPA,Delhi,279,1105018.88,104015997.44,2026-02,3960.6411469534046,0.010623547408055312
0-30,NPA,Haryana,242,1134851.48,85545853.76,2026-02,4689.468925619834,0.013266002151125177
0-30,NPA,Karnataka,286,1998674.21,95498321.79,2026-02,6988.371363636364,0.02092889354008825
0-30,NPA,Maharashtra,521,3460965.81,184982851.82,2026-02,6642.928618042227,0.01870965754905616
0-30,NPA,Odisha,289,1785952.82,109574326.03,2026-02,6179.767543252596,0.016299008031416318
0-30,NPA,Rajasthan,249,1129526.99,86447777.52,2026-02,4536.25297188755,0.01306600380488301
0-30,NPA,Tamil Nadu,273,1092399.33,100127482.57000001,2026-02,4001.4627472527477,0.010910084843452387
0-30,NPA,Telangana,291,2567116.67,97482837.67,2026-02,8821.70676975945,0.026334037163446473
0-30,NPA,UNKNOWN,294,1529804.35,102986035.11,2026-02,5203.416156462586,0.014854483409969196
0-30,NPA,West Bengal,248,1650824.54,92130352.8,2026-02,6656.550564516129,0.017918356869680848
31-60,HIGH,Delhi,114,349412.92,38681819.37,2026-02,3065.0256140350875,0.009033001179644359
31-60,HIGH,Haryana,107,518099.24,41491145.52,2026-02,4842.048971962617,0.01248698327093091
31-60,HIGH,Karnataka,117,1083320.3699999999,43334371.66,2026-02,9259.14846153846,0.024999101833059784
31-60,HIGH,Maharashtra,256,1269457.44,82559108.67,2026-02,4958.818125,0.015376346237871756
31-60,HIGH,Odisha,89,626681.89,31855018.11,2026-02,7041.369550561798,0.019672940942490648
31-60,HIGH,Rajasthan,83,472047.83,29265539.12,2026-02,5687.323253012049,0.016129818352719278
31-60,HIGH,Tamil Nadu,120,1070864.13,41718386.57,2026-02,8923.86775,0.025668876916013484
31-60,HIGH,Telangana,91,688282.2000000001,32847568.34,2026-02,7563.54065934066,0.020953825040432205
31-60,HIGH,UNKNOWN,123,1234022.52,42189782.74,2026-02,10032.703414634147,0.029249321514756867
31-60,HIGH,West Bengal,99,1108829.99,32810306.29,2026-02,11200.30292929293,0.03379517338848957
31-60,LOW,Delhi,123,1029554.23,47171329.79,2026-02,8370.359593495934,0.021825847068196465
31-60,LOW,Haryana,109,667494.56,40079602.98,2026-02,6123.803302752294,0.016654220859749647
31-60,LOW,Karnataka,110,818676.76,38003428.57,2026-02,7442.5160000000005,0.021542181608484277
31-60,LOW,Maharashtra,241,1886886.21,84109606.98,2026-02,7829.403360995851,0.022433658624141154
31-60,LOW,Odisha,108,734557.37,35241214.14,2026-02,6801.45712962963,0.020843702123368443
31-60,LOW,Rajasthan,102,570692.36,35508420.51,2026-02,5595.0231372549015,0.01607202888225568
31-60,LOW,Tamil Nadu,111,478564.04000000004,40183047.85,2026-02,4311.387747747748,0.011909600331623426
31-60,LOW,Telangana,121,362441.78,38794081.62,2026-02,2995.386611570248,0.009342708084965875
31-60,LOW,UNKNOWN,122,819763.32,41141188.39,2026-02,6719.3714754098355,0.01992561109876097
31-60,LOW,West Bengal,117,529368.4,40183127.45,2026-02,4524.516239316239,0.013173897443863594
31-60,MEDIUM,Delhi,125,431362.52,44825336.46,2026-02,3450.90016,0.009623185324775586
31-60,MEDIUM,Haryana,121,407658.33,42443120.9,2026-02,3369.077107438017,0.009604815135071748
31-60,MEDIUM,Karnataka,99,761399.77,36894887.07,2026-02,7690.906767676768,0.020636999607978473
31-60,MEDIUM,Maharashtra,194,1062529.22,67343788.04,2026-02,5476.954742268041,0.015777687162012513
31-60,MEDIUM,Odisha,117,637592.08,40081342.4,2026-02,5449.504957264957,0.015907453239390506
31-60,MEDIUM,Rajasthan,108,235705.18,41102096.99,2026-02,2182.4553703703705,0.005734626631272517
31-60,MEDIUM,Tamil Nadu,125,1004282.01,44717561.39,2026-02,8034.25608,0.02245833580327087
31-60,MEDIUM,Telangana,112,398406.72000000003,37341913.55,2026-02,3557.2028571428573,0.010669156508718875
31-60,MEDIUM,UNKNOWN,112,449621.41000000003,36831383.84,2026-02,4014.4768750000003,0.012207562223380201
31-60,MEDIUM,West Bengal,118,983175.01,41574532.3,2026-02,8331.99161016949,0.023648492372817388
31-60,NPA,Delhi,113,623474.06,39786008.410000004,2026-02,5517.469557522124,0.015670686377357048
31-60,NPA,Haryana,114,668217.65,38536856.49,2026-02,5861.558333333333,0.01733970310145554
31-60,NPA,Karnataka,118,580671.92,37853290.77,2026-02,4920.948474576271,0.015340064448510297
31-60,NPA,Maharashtra,235,1454940.31,83918521.47,2026-02,6191.235361702128,0.01733753508181297
31-60,NPA,Odisha,118,935957.8400000001,39958489.32,2026-02,7931.846101694916,0.023423253879909192
31-60,NPA,Rajasthan,99,570469.26,31896620.92,2026-02,5762.315757575758,0.017884943406099207
31-60,NPA,Tamil Nadu,119,691982.1,39565503.29,2026-02,5814.975630252101,0.017489531092983603
31-60,NPA,Telangana,95,398978.15,35423553.93,2026-02,4199.77,0.011263075150178756
31-60,NPA,UNKNOWN,101,496137.5,35013450.61,2026-02,4912.252475247525,0.014169911601294757
31-60,NPA,West Bengal,107,322604.09,34440665.14,2026-02,3014.991495327103,0.009366952951942903
61-90,HIGH,Delhi,105,768489.79,37729023.42,2026-02,7318.950380952381,0.020368663706058894
61-90,HIGH,Haryana,104,128990.21,40134761.85,2026-02,1240.2904807692307,0.003213927380012596
61-90,HIGH,Karnataka,101,358568.32,35672172.78,2026-02,3550.181386138614,0.010051765621662254
61-90,HIGH,Maharashtra,226,1747248.75,79931531.64,2026-02,7731.189159292036,0.021859317770480797
61-90,HIGH,Odisha,104,609658.44,34131797.03,2026-02,5862.100384615384,0.017861891053205993
61-90,HIGH,Rajasthan,106,470404.66000000003,34778477.4,2026-02,4437.7798113207555,0.013525740491445438
61-90,HIGH,Tamil Nadu,130,521414.37,45593576.37,2026-02,4010.8797692307694,0.011436136655932174
61-90,HIGH,Telangana,100,860761.15,29925880.65,2026-02,8607.6115,0.02876310174684868
61-90,HIGH,UNKNOWN,116,800985.67,40613783.93,2026-02,6905.048879310345,0.01972201534780756
61-90,HIGH,West Bengal,124,548895.79,47344215.26,2026-02,4426.578951612903,0.011593724533940033
61-90,LOW,Delhi,112,1031626.03,38529720.62,2026-02,9210.946696428571,0.026774812103477954
61-90,LOW,Haryana,116,698559.8099999999,38446075.07,2026-02,6022.067327586206,0.018169860219231997
61-90,LOW,Karnataka,122,709911.04,42048777.96,2026-02,5818.942950819673,0.016883036188954682
61-90,LOW,Maharashtra,201,1553205.74,66621239.85,2026-02,7727.3917412935325,0.02331397229317701
61-90,LOW,Odisha,118,374028.82,41283156.47,2026-02,3169.7357627118645,0.0090600829001969
61-90,LOW,Rajasthan,105,559585.01,34859561.63,2026-02,5329.381047619047,0.016052554416473883
61-90,LOW,Tamil Nadu,100,288389.69,33386951.09,2026-02,2883.8969,0.008637796521838676
61-90,LOW,Telangana,124,401522.72,47579086.63,2026-02,3238.086451612903,0.008439059016043157
61-90,LOW,UNKNOWN,128,555524.94,45393301.85,2026-02,4340.03859375,0.01223803771392761
61-90,LOW,West Bengal,118,797787.82,43086730.74,2026-02,6760.913728813559,0.018515858741154516
61-90,MEDIUM,Delhi,134,682237.44,47952109.09,2026-02,5091.3241791044775,0.014227475140238923
61-90,MEDIUM,Haryana,98,434317.28,32130280.61,2026-02,4431.808979591837,0.013517382100448455
61-90,MEDIUM,Karnataka,86,473071.83,31152033.02,2026-02,5500.83523255814,0.015185905513655623
61-90,MEDIUM,Maharashtra,212,1237712.53,80838209.2,2026-02,5838.266650943397,0.015310984029072232
61-90,MEDIUM,Odisha,128,768106.47,45100758.17,2026-02,6000.831796875,0.017030899283438806
61-90,MEDIUM,Rajasthan,105,735862.3,33493815.38,2026-02,7008.212380952381,0.021970094826503462
61-90,MEDIUM,Tamil Nadu,99,730316.26,34649701.22,2026-02,7376.931919191919,0.02107713008441347
61-90,MEDIUM,Telangana,112,928490.68,39694332.58,2026-02,8290.095357142858,0.023391013770762338
61-90,MEDIUM,UNKNOWN,111,535596.99,37458140.42,2026-02,4825.198108108108,0.014298547231512566
61-90,MEDIUM,West Bengal,129,779213.0499999999,44725122.44,2026-02,6040.411240310077,0.017422267564394845
61-90,NPA,Delhi,100,360817.62,34362285.22,2026-02,3608.1762,0.0105003965158287
61-90,NPA,Haryana,100,724340.67,34207959.34,2026-02,7243.4067000000005,0.02117462380028659
61-90,NPA,Karnataka,123,458990.36,42473146.87,2026-02,3731.628943089431,0.010806601201574683
61-90,NPA,Maharashtra,229,1460864.42,79085598.2,2026-02,6379.320611353712,0.01847193993912282
61-90,NPA,Odisha,116,243751.35,37876288.09,2026-02,2101.3047413793106,0.00643546034449861
61-90,NPA,Rajasthan,125,768979.72,44180900.95,2026-02,6151.837759999999,0.017405252121731572
61-90,NPA,Tamil Nadu,99,312680.23,30028069.43,2026-02,3158.3861616161616,0.010412931498273813
61-90,NPA,Telangana,116,632767.9,36801495.69,2026-02,5454.895689655173,0.017194081059372292
61-90,NPA,UNKNOWN,114,836422.13,38523046.45,2026-02,7337.036228070176,0.021712252977853466
61-90,NPA,West Bengal,107,1229499.27,37660983.6,2026-02,11490.647383177571,0.032646499174280724
90+,HIGH,Delhi,106,594858.77,35268806.730000004,2026-02,5611.875188679245,0.016866427451145014
90+,HIGH,Haryana,106,493394.99,33946640.03,2026-02,4654.669716981132,0.014534427842165444
90+,HIGH,Karnataka,113,368493.88,43455235.79,2026-02,3261.0077876106193,0.008479849972067082
90+,HIGH,Maharashtra,216,635045.2,73909646.77,2026-02,2940.0240740740737,0.008592182857756066
90+,HIGH,Odisha,123,882161.01,45252138.63,2026-02,7172.040731707317,0.019494349586721398
90+,HIGH,Rajasthan,93,464797.57,32900668.81,2026-02,4997.823333333334,0.014127298526488526
90+,HIGH,Tamil Nadu,115,447294.58,40808603.14,2026-02,3889.518086956522,0.010960791244568927
90+,HIGH,Telangana,116,346098.52,39462391.64,2026-02,2983.607931034483,0.00877033817811454
90+,HIGH,UNKNOWN,125,393829.73,47623982.42,2026-02,3150.63784,0.008269567347954686
90+,HIGH,West Bengal,105,899505.08,32834693.46,2026-02,8566.715047619047,0.027394958966064302
90+,LOW,Delhi,111,592499.8,39170469.76,2026-02,5337.836036036037,0.015126185711590507
90+,LOW,Haryana,93,1333873.72,32865850.9,2026-02,14342.728172043011,0.040585400452845116
90+,LOW,Karnataka,115,519831.25999999995,36717939.46,2026-02,4520.271826086956,0.014157419170166035
90+,LOW,Maharashtra,239,1944532.8699999999,82374411.89,2026-02,8136.120794979079,0.023606030384734803
90+,LOW,Odisha,121,622250.64,44508099.14,2026-02,5142.567272727273,0.013980615933354371
90+,LOW,Rajasthan,107,473941.91000000003,39577805.58,2026-02,4429.363644859814,0.011974941587956532
90+,LOW,Tamil Nadu,122,608224.25,41796283.5,2026-02,4985.444672131148,0.014552113227962004
90+,LOW,Telangana,120,924645.95,42935395.07,2026-02,7705.3829166666665,0.02153575036383146
90+,LOW,UNKNOWN,145,663096.35,48778263.64,2026-02,4573.078275862069,0.013594095002927414
90+,LOW,West Bengal,113,680642.96,40709659.57,2026-02,6023.3890265486725,0.01671944612628457
90+,MEDIUM,Delhi,102,678562.84,32251576.81,2026-02,6652.576862745098,0.021039679516990414
90+,MEDIUM,Haryana,97,749670.9500000001,31694117.88,2026-02,7728.566494845361,0.023653314878123374
90+,MEDIUM,Karnataka,105,410930.67,36762247.76,2026-02,3913.6254285714285,0.01117806159957179
90+,MEDIUM,Maharashtra,189,845043.07,58610067.04,2026-02,4471.127354497355,0.0144180532914811
90+,MEDIUM,Odisha,110,763690.1699999999,41273360.26,2026-02,6942.637909090909,0.018503222543286083
90+,MEDIUM,Rajasthan,104,717690.8,37462191.39,2026-02,6900.873076923077,0.019157736730574106
90+,MEDIUM,Tamil Nadu,105,838375.4,38245221.98,2026-02,7984.527619047619,0.021921049391174174
90+,MEDIUM,Telangana,119,1101447.27,43943559.74,2026-02,9255.859411764706,0.02506504426398115
90+,MEDIUM,UNKNOWN,130,322514.6,41074330.13,2026-02,2480.881538461538,0.007851974675648837
90+,MEDIUM,West Bengal,88,553363.8300000001,29786413.5,2026-02,6288.225340909092,0.018577726049495688
90+,NPA,Delhi,115,1319748.83,40736209.24,2026-02,11476.076782608696,0.03239743841221491
90+,NPA,Haryana,95,314199.47,35533782.65,2026-02,3307.3628421052626,0.008842274775381955
90+,NPA,Karnataka,92,541948.65,34048111.13,2026-02,5890.746195652174,0.01591714289026993
90+,NPA,Maharashtra,213,1102987.1099999999,74935834.22,2026-02,5178.343239436619,0.014719087623176391
90+,NPA,Odisha,126,476810.12,42114702.67,2026-02,3784.2073015873016,0.011321702155566944
90+,NPA,Rajasthan,111,1155436.6,39361954.74,2026-02,10409.33873873874,0.029354146856579614
90+,NPA,Tamil Nadu,119,234770.56,39403828.09,2026-02,1972.8618487394958,0.005958064771366228
90+,NPA,Telangana,129,499286.38,42366615.63,2026-02,3870.437054263566,0.011784901214683122
90+,NPA,UNKNOWN,111,722708.12,40216772.54,2026-02,6510.883963963964,0.01797031622269508
90+,NPA,West Bengal,100,1008159.09,33554462.48,2026-02,10081.5909,0.030045454925731834
0-30,HIGH,Delhi,260,1319737.33,94101201.7,2026-03,5075.912807692308,0.014024659687209924
0-30,HIGH,Haryana,250,1479672.1,85365156.16,2026-03,5918.6884,0.017333443369173356
0-30,HIGH,Karnataka,235,1569806.35,81570820.61,2026-03,6680.027021276596,0.019244704641448136
0-30,HIGH,Maharashtra,500,3370203.08,178780561.96,2026-03,6740.40616,0.018851059886219858
0-30,HIGH,Odisha,282,1723492.82,94892596.18,2026-03,6111.676666666667,0.01816256367072873
0-30,HIGH,Rajasthan,262,2262649.0,93766048.92,2026-03,8636.064885496184,0.024130791753105254
0-30,HIGH,Tamil Nadu,243,1368219.5,89704373.02,2026-03,5630.5329218107,0.015252539580148999
0-30,HIGH,Telangana,274,1577719.4,100884644.58,2026-03,5758.099999999999,0.015638845798271038
0-30,HIGH,UNKNOWN,277,1545032.69,95773908.42,2026-03,5577.735342960289,0.016132083523463663
0-30,HIGH,West Bengal,271,2240586.23,90522326.61,2026-03,8267.845867158672,0.024751752566559447
0-30,LOW,Delhi,239,1688612.94,90433958.6,2026-03,7065.32610878661,0.01867233245277842
0-30,LOW,Haryana,244,1764341.65,90734182.65,2026-03,7230.9084016393435,0.019445170480080362
0-30,LOW,Karnataka,232,1254903.35,75424651.7,2026-03,5409.066163793103,0.016637840834736
0-30,LOW,Maharashtra,497,3690041.74,171393580.1,2026-03,7424.631267605634,0.021529638028723343
0-30,LOW,Odisha,230,2598907.87,78282593.94,2026-03,11299.599434782609,0.033199051528516585
0-30,LOW,Rajasthan,215,1788017.47,80240228.73,2026-03,8316.360325581396,0.022283304749996315
0-30,LOW,Tamil Nadu,237,1190305.75,85665036.74,2026-03,5022.387130801688,0.013894884019167235
0-30,LOW,Telangana,273,1557373.04,97815753.98,2026-03,5704.663150183151,0.01592149502132785
0-30,LOW,UNKNOWN,281,1476797.9,94899655.78,2026-03,5255.508540925267,0.015561678152169162
0-30,LOW,West Bengal,254,1880027.21,89695021.8,2026-03,7401.681929133858,0.020960217995063802
0-30,MEDIUM,Delhi,273,1531801.29,97672787.86,2026-03,5610.9937362637365,0.01568298933164085
0-30,MEDIUM,Haryana,245,1387318.56,83387156.88,2026-03,5662.524734693878,0.016637077122037502
0-30,MEDIUM,Karnataka,292,1515993.76,100846440.92,2026-03,5191.759452054795,0.01503269472050695
0-30,MEDIUM,Maharashtra,501,3255200.42,175832140.38,2026-03,6497.406027944112,0.018513113774108744
0-30,MEDIUM,Odisha,272,709805.39,90480390.64,2026-03,2609.5786397058823,0.007844853287870376
0-30,MEDIUM,Rajasthan,276,2005566.83,97393916.18,2026-03,7266.546485507247,0.020592321457670745
0-30,MEDIUM,Tamil Nadu,259,2049100.21,90640219.18,2026-03,7911.583822393823,0.022606964419743362
0-30,MEDIUM,Telangana,279,1173923.52,94278014.57000001,2026-03,4207.611182795699,0.012451720852992502
0-30,MEDIUM,UNKNOWN,254,1748958.3800000001,88284386.23,2026-03,6885.662913385827,0.019810506191248627
0-30,MEDIUM,West Bengal,242,1505803.9,83422913.96,2026-03,6222.330165289256,0.018050243374644163
0-30,NPA,Delhi,261,1291062.05,97977102.9,2026-03,4946.597892720307,0.013177181318758915
0-30,NPA,Haryana,220,1689686.68,79031723.79,2026-03,7680.393999999999,0.021379853544505355
0-30,NPA,Karnataka,264,1818207.54,87728021.72,2026-03,6887.149772727273,0.020725504854117668
0-30,NPA,Maharashtra,481,2555000.57,169702162.14,2026-03,5311.851496881496,0.015055792676891111
0-30,NPA,Odisha,264,2255104.8,97152369.48,2026-03,8542.063636363635,0.023212041168632954
0-30,NPA,Rajasthan,225,1560178.81,77274806.09,2026-03,6934.128044444445,0.02019000614744862
0-30,NPA,Tamil Nadu,250,1809146.6400000001,91066354.98,2026-03,7236.586560000001,0.019866246325520826
0-30,NPA,Telangana,265,1892243.73,91116906.58,2026-03,7140.542377358491,0.02076720776663575
0-30,NPA,UNKNOWN,280,2274421.61,97530882.49,2026-03,8122.934321428571,0.02332001466543892
0-30,NPA,West Bengal,230,2447707.32,86306351.66,2026-03,10642.205739130433,0.028360685777132986
31-60,HIGH,Delhi,104,1000108.41,34468044.2,2026-03,9616.42701923077,0.02901552534274631
31-60,HIGH,Haryana,96,318390.24,37246212.92,2026-03,3316.565,0.008548258065426964
31-60,HIGH,Karnataka,107,492511.42000000004,40716246.8,2026-03,4602.91046728972,0.012096189081946523
31-60,HIGH,Maharashtra,228,1568213.41,73283582.57,2026-03,6878.12899122807,0.021399245983942623
31-60,HIGH,Odisha,82,821923.24,28206307.24,2026-03,10023.454146341463,0.029139696770884356
31-60,HIGH,Rajasthan,79,542382.93,28195607.64,2026-03,6865.606708860761,0.01923643345180271
31-60,HIGH,Tamil Nadu,108,738515.74,38436543.04,2026-03,6838.108703703703,0.01921389598516818
31-60,HIGH,Telangana,88,373050.54,31446349.26,2026-03,4239.210681818182,0.011863079460054307
31-60,HIGH,UNKNOWN,112,519747.66,37599899.43,2026-03,4640.604107142857,0.0138231130369808
31-60,HIGH,West Bengal,93,557399.49,32165818.87,2026-03,5993.542903225806,0.017328938282366195
31-60,LOW,Delhi,110,355716.33999999997,40879665.53,2026-03,3233.784909090909,0.008701547221294008
31-60,LOW,Haryana,98,611159.54,37357081.03,2026-03,6236.321836734694,0.01635993828075598
31-60,LOW,Karnataka,103,469091.53,34900547.03,2026-03,4554.286699029127,0.013440807377511183
31-60,LOW,Maharashtra,227,938883.0499999999,79748324.88,2026-03,4136.048678414097,0.01177307550237286
31-60,LOW,Odisha,98,475635.60000000003,31179938.43,2026-03,4853.424489795919,0.015254539423412199
31-60,LOW,Rajasthan,91,347332.87,31424306.0,2026-03,3816.844725274725,0.011053000502222706
31-60,LOW,Tamil Nadu,104,667371.88,37868668.01,2026-03,6417.037307692308,0.017623325959702802
31-60,LOW,Telangana,112,956384.33,36398834.18,2026-03,8539.145803571428,0.02627513632086334
31-60,LOW,UNKNOWN,113,770107.73,38125941.81,2026-03,6815.112654867256,0.020199048035005118
31-60,LOW,West Bengal,113,705108.04,39281151.44,2026-03,6239.8941592920355,0.01795028949385604
31-60,MEDIUM,Delhi,110,315307.83999999997,39754081.21,2026-03,2866.4349090909086,0.007931458366108217
31-60,MEDIUM,Haryana,107,659901.35,39383732.21,2026-03,6167.302336448598,0.01675568345024556
31-60,MEDIUM,Karnataka,95,297874.76,36023477.99,2026-03,3135.5237894736842,0.008268906186201373
31-60,MEDIUM,Maharashtra,176,1148304.43,59253856.54,2026-03,6524.456988636363,0.019379404093720444
31-60,MEDIUM,Odisha,104,732106.02,35845604.67,2026-03,7039.480961538462,0.02042387139901468
31-60,MEDIUM,Rajasthan,99,102008.5,36383992.5,2026-03,1030.388888888889,0.002803664276261051
31-60,MEDIUM,Tamil Nadu,115,995786.13,39997501.92,2026-03,8659.009826086956,0.024896208067986262
31-60,MEDIUM,Telangana,99,680968.73,33661245.0,2026-03,6878.47202020202,0.020230051799925996
31-60,MEDIUM,UNKNOWN,110,726587.7,36065505.33,2026-03,6605.342727272727,0.020146333549237973
31-60,MEDIUM,West Bengal,107,969211.03,37680041.33,2026-03,9058.047009345795,0.02572213287962442
31-60,NPA,Delhi,101,580825.51,35201462.28,2026-03,5750.747623762376,0.016500039270527712
31-60,NPA,Haryana,107,605933.06,35236058.17,2026-03,5662.925794392524,0.017196391749514473
31-60,NPA,Karnataka,108,984205.92,36058068.36,2026-03,9113.017777777779,0.02729502618314965
31-60,NPA,Maharashtra,209,1270453.19,76839834.19,2026-03,6078.723397129186,0.01653378359534953
31-60,NPA,Odisha,108,1000659.14,36137212.73,2026-03,9265.362407407407,0.027690545684207785
31-60,NPA,Rajasthan,97,588944.49,30607633.94,2026-03,6071.592680412371,0.019241751621654424
31-60,NPA,Tamil Nadu,107,560005.28,35664984.45,2026-03,5233.694205607477,0.015701823192579577
31-60,NPA,Telangana,81,478792.94,29508515.32,2026-03,5911.023950617284,0.016225585557518317
31-60,NPA,UNKNOWN,95,651181.86,33486228.05,2026-03,6854.545894736842,0.01944625889269126
31-60,NPA,West Bengal,100,883328.24,31651471.47,2026-03,8833.2824,0.027907967591245766
61-90,HIGH,Delhi,101,795095.98,35949194.2,2026-03,7872.2374257425745,0.02211721285257626
61-90,HIGH,Haryana,102,422654.7,40293340.99,2026-03,4143.673529411765,0.010489442910799937
61-90,HIGH,Karnataka,94,753783.5800000001,33622762.69,2026-03,8018.97425531915,0.022418847224121432
61-90,HIGH,Maharashtra,206,1763766.5,70848701.67,2026-03,8561.973300970874,0.024894831640180148
61-90,HIGH,Odisha,93,829204.26,31695020.25,2026-03,8916.174838709678,0.026161972873325424
61-90,HIGH,Rajasthan,91,501192.35,30805166.240000002,2026-03,5507.608241758241,0.016269749888549862
61-90,HIGH,Tamil Nadu,122,459351.76,42435465.52,2026-03,3765.178360655738,0.010824713582640108
61-90,HIGH,Telangana,89,967519.32,27004156.07,2026-03,10871.003595505617,0.03582853385575178
61-90,HIGH,UNKNOWN,106,615969.49,36626315.33,2026-03,5811.032924528302,0.01681767560974035
61-90,HIGH,West Bengal,115,526527.24,45006576.97,2026-03,4578.497739130435,0.011698895482563957
61-90,LOW,Delhi,98,488824.61,33758987.81,2026-03,4988.006224489795,0.014479836088426845
61-90,LOW,Haryana,112,515578.7,38262859.64,2026-03,4603.38125,0.013474651525026476
61-90,LOW,Karnataka,116,672223.25,40100172.63,2026-03,5795.0280172413795,0.016763599902736875
61-90,LOW,Maharashtra,184,1000283.48,59809796.58,2026-03,5436.323260869565,0.016724408662083433
61-90,LOW,Odisha,112,1157287.35,39568922.93,2026-03,10332.922767857144,0.02924738062866449
61-90,LOW,Rajasthan,93,599595.6799999999,32306799.77,2026-03,6447.265376344085,0.018559426630575238
61-90,LOW,Tamil Nadu,94,346910.53,31002461.26,2026-03,3690.5375531914897,0.011189773840556038
61-90,LOW,Telangana,106,598049.63,40986642.25,2026-03,5641.977641509434,0.014591330179041441
61-90,LOW,UNKNOWN,113,592498.14,39126415.23,2026-03,5243.346371681416,0.015143174669007367
61-90,LOW,West Bengal,108,147381.28,39201026.73,2026-03,1364.6414814814814,0.003759628058088876
61-90,MEDIUM,Delhi,122,1133617.12,43905283.26,2026-03,9291.943606557377,0.025819606111795308
61-90,MEDIUM,Haryana,88,380865.94,29257461.88,2026-03,4328.022045454545,0.013017736861868894
61-90,MEDIUM,Karnataka,77,186711.71,28488463.35,2026-03,2424.8274025974024,0.006553941071026563
61-90,MEDIUM,Maharashtra,195,1144105.07,73102564.1,2026-03,5867.205487179487,0.015650683174873753
61-90,MEDIUM,Odisha,116,631220.22,41736984.04,2026-03,5441.553620689655,0.0151237621624756
61-90,MEDIUM,Rajasthan,96,486202.07,30870074.26,2026-03,5064.604895833333,0.01574994818298827
61-90,MEDIUM,Tamil Nadu,92,216977.26,32646173.04,2026-03,2358.4484782608697,0.006646330635267625
61-90,MEDIUM,Telangana,106,854946.38,36356481.31,2026-03,8065.5318867924525,0.023515652483257325
61-90,MEDIUM,UNKNOWN,99,729419.2,32218378.419999998,2026-03,7367.870707070707,0.022639848303079184
61-90,MEDIUM,West Bengal,121,951643.58,41789928.65,2026-03,7864.822975206611,0.022772079559413173
61-90,NPA,Delhi,91,686025.9,30942448.63,2026-03,7538.746153846154,0.02217102816274434
61-90,NPA,Haryana,96,635037.47,33149698.61,2026-03,6614.973645833333,0.01915665893289399
61-90,NPA,Karnataka,114,426526.86,40094492.019999996,2026-03,3741.463684210526,0.010638041249836491
61-90,NPA,Maharashtra,216,999783.85,74489553.31,2026-03,4628.628935185185,0.013421799508439016
61-90,NPA,Odisha,108,606839.11,34559850.38,2026-03,5618.880648148148,0.017559078043670625
61-90,NPA,Rajasthan,121,1123786.85,43307472.18,2026-03,9287.494628099173,0.025949028965005737
61-90,NPA,Tamil Nadu,90,348377.75,27370634.8,2026-03,3870.863888888889,0.012728157477735957
61-90,NPA,Telangana,109,420999.15,34311128.15,2026-03,3862.3775229357802,0.012270046853589104
61-90,NPA,UNKNOWN,105,874934.23,35685417.92,2026-03,8332.706952380951,0.02451797627707312
61-90,NPA,West Bengal,95,856053.86,33640779.019999996,2026-03,9011.093263157894,0.025446909522846124
90+,HIGH,Delhi,93,419092.13,30958315.65,2026-03,4506.366989247312,0.013537303990890733
90+,HIGH,Haryana,97,292109.19,30680928.54,2026-03,3011.4349484536083,0.009520871886884556
90+,HIGH,Karnataka,108,163939.46000000002,39935632.47,2026-03,1517.9579629629632,0.004105092366401178
90+,HIGH,Maharashtra,196,1293213.41,68762350.18,2026-03,6598.0276020408155,0.018806998402683156
90+,HIGH,Odisha,117,1292693.1199999999,42731622.02,2026-03,11048.659145299145,0.030251440476445547
90+,HIGH,Rajasthan,84,639984.61,30315042.89,2026-03,7618.864404761905,0.021111123356223626
90+,HIGH,Tamil Nadu,108,933522.22,39372126.15,2026-03,8643.72425925926,0.023710231356149407
90+,HIGH,Telangana,109,477440.3,36622646.64,2026-03,4380.18623853211,0.013036750311719142
90+,HIGH,UNKNOWN,111,815483.4299999999,42836329.54,2026-03,7346.697567567567,0.019037191999340473
90+,HIGH,West Bengal,93,135215.03,28861773.25,2026-03,1453.925053763441,0.004684917618497332
90+,LOW,Delhi,106,1133495.84,37800403.2,2026-03,10693.356981132076,0.029986342579541584
90+,LOW,Haryana,88,549532.5399999999,29808313.97,2026-03,6244.687954545454,0.018435545886730336
90+,LOW,Karnataka,106,395679.17,34407606.5,2026-03,3732.822358490566,0.011499758636219
90+,LOW,Maharashtra,223,1395634.14,77676726.08,2026-03,6258.449058295963,0.017967211163902853
90+,LOW,Odisha,110,820965.93,40596794.25,2026-03,7463.326636363637,0.020222432464602796
90+,LOW,Rajasthan,101,989904.19,35704841.47,2026-03,9801.031584158416,0.027724648793966484
90+,LOW,Tamil Nadu,110,602560.61,37572018.74,2026-03,5477.823727272727,0.016037482951601442
90+,LOW,Telangana,107,321620.04,37944102.62,2026-03,3005.79476635514,0.008476153546729998
90+,LOW,UNKNOWN,129,443117.9,43758733.4,2026-03,3435.0224806201554,0.010126387707556453
90+,LOW,West Bengal,100,518627.57,36590347.38,2026-03,5186.2757,0.014173890305383593
90+,MEDIUM,Delhi,95,337856.61,30671127.330000002,2026-03,3556.3853684210526,0.011015461100105576
90+,MEDIUM,Haryana,92,382466.95999999996,30037808.26,2026-03,4157.249565217391,0.012732851767660891
90+,MEDIUM,Karnataka,93,245329.82,32916662.259999998,2026-03,2637.955053763441,0.007453058820551268
90+,MEDIUM,Maharashtra,164,826961.33,51525849.44,2026-03,5042.447134146341,0.016049445841023285
90+,MEDIUM,Odisha,104,586663.77,38621361.1,2026-03,5640.997788461538,0.015190137097472725
90+,MEDIUM,Rajasthan,94,783445.29,34334895.4,2026-03,8334.524361702128,0.022817756712897982
90+,MEDIUM,Tamil Nadu,100,674719.84,36771783.73,2026-03,6747.198399999999,0.01834884717462141
90+,MEDIUM,Telangana,112,1071930.21,40750494.35,2026-03,9570.80544642857,0.026304716718117554
90+,MEDIUM,UNKNOWN,118,483226.84,37287684.04,2026-03,4095.142711864407,0.012959422191027557
90+,MEDIUM,West Bengal,86,925889.8500000001,28531123.16,2026-03,10766.161046511628,0.032451924335669936
90+,NPA,Delhi,101,618177.0900000001,34626397.62,2026-03,6120.565247524753,0.017852769346209572
90+,NPA,Haryana,87,1179100.0,33544949.27,2026-03,13552.87356321839,0.035149851934773844
90+,NPA,Karnataka,81,486556.95999999996,29458209.87,2026-03,6006.876049382716,0.016516854287724578
90+,NPA,Maharashtra,195,1448701.44,67523681.01,2026-03,7429.238153846153,0.021454716602097752
90+,NPA,Odisha,113,444160.89,36530975.63,2026-03,3930.6273451327434,0.012158473250170899
90+,NPA,Rajasthan,104,293697.16,36443869.410000004,2026-03,2824.011153846154,0.00805889069285851
90+,NPA,Tamil Nadu,114,308654.44999999995,37589292.75,2026-03,2707.495175438596,0.008211233237422377
90+,NPA,Telangana,124,410171.34,40806080.2,2026-03,3307.8333870967745,0.010051721164827785
90+,NPA,UNKNOWN,102,576517.64,37496924.55,2026-03,5652.133725490196,0.015375064673137309
90+,NPA,West Bengal,90,391700.28,29479208.29,2026-03,4352.225333333334,0.013287340560393322
0-30,HIGH,Delhi,244,1189359.7,87723183.88,2026-04,4874.425,0.0135581000072566
0-30,HIGH,Haryana,226,2255339.03,77613457.02,2026-04,9979.376238938052,0.02905860808930116
0-30,HIGH,Karnataka,221,939998.72,76613431.76,2026-04,4253.387873303167,0.012269372333361195
0-30,HIGH,Maharashtra,466,2329267.08,167086193.08,2026-04,4998.42721030043,0.013940512001998627
0-30,HIGH,Odisha,267,1877972.76,88749298.73,2026-04,7033.605842696629,0.02116042365262304
0-30,HIGH,Rajasthan,245,630860.39,87020542.86,2026-04,2574.9403673469387,0.007249557050166166
0-30,HIGH,Tamil Nadu,218,1624367.86,80406756.8,2026-04,7451.22871559633,0.02020188258606645
0-30,HIGH,Telangana,247,1489221.65,88773963.16,2026-04,6029.237449392712,0.016775432761922893
0-30,HIGH,UNKNOWN,254,926983.95,86628687.53,2026-04,3649.5431102362204,0.010700657904796032
0-30,HIGH,West Bengal,255,2099335.09,83876765.79,2026-04,8232.68662745098,0.025028803509854546
0-30,LOW,Delhi,221,1237409.16,83067185.86,2026-04,5599.136470588235,0.014896485864893845
0-30,LOW,Haryana,223,1630846.97,81028348.07,2026-04,7313.215112107623,0.02012686928519287
0-30,LOW,Karnataka,209,1468735.32,66488738.75,2026-04,7027.441722488039,0.022089986178298503
0-30,LOW,Maharashtra,462,3211355.81,156807417.29,2026-04,6950.986601731602,0.020479616752190438
0-30,LOW,Odisha,214,1656278.53,73826637.75,2026-04,7739.619299065421,0.022434700813663968
0-30,LOW,Rajasthan,199,1322581.87,74255510.02,2026-04,6646.140050251257,0.017811228683821248
0-30,LOW,Tamil Nadu,222,1236928.94,80294101.94,2026-04,5571.751981981982,0.015404978823031094
0-30,LOW,Telangana,261,1430876.49,94306314.08,2026-04,5482.28540229885,0.015172647812172875
0-30,LOW,UNKNOWN,268,1922021.51,88813641.67,2026-04,7171.722052238806,0.021641061821803798
0-30,LOW,West Bengal,230,1292005.76,79441460.88,2026-04,5617.416347826087,0.01626362035249622
0-30,MEDIUM,Delhi,243,1044032.76,88332625.44,2026-04,4296.431111111111,0.011819333511253551
0-30,MEDIUM,Haryana,234,1169127.98,81211913.23,2026-04,4996.273418803418,0.014396015726029214
0-30,MEDIUM,Karnataka,265,1571731.73,93651313.13,2026-04,5931.063132075472,0.01678280503999165
0-30,MEDIUM,Maharashtra,456,3248730.21,164316739.03,2026-04,7124.408355263158,0.019771145831995032
0-30,MEDIUM,Odisha,253,1004172.74,86981459.51,2026-04,3969.062213438735,0.011544675677516691
0-30,MEDIUM,Rajasthan,260,1668581.19,92083343.03,2026-04,6417.619961538461,0.018120336806803264
0-30,MEDIUM,Tamil Nadu,238,812229.5499999999,81975482.82,2026-04,3412.729201680672,0.009908200867611553
0-30,MEDIUM,Telangana,265,1196028.03,91591730.0,2026-04,4513.313320754717,0.013058253512626086
0-30,MEDIUM,UNKNOWN,239,1291237.07,82291536.52,2026-04,5402.665564853557,0.015691006932239987
0-30,MEDIUM,West Bengal,230,1076703.3,78891572.86,2026-04,4681.318695652174,0.013647887359410419
0-30,NPA,Delhi,234,1258738.2,87051475.2,2026-04,5379.223076923076,0.014459699816781506
0-30,NPA,Haryana,204,1509433.28,73289089.24,2026-04,7399.182745098039,0.0205956070085283
0-30,NPA,Karnataka,238,1080950.92,79519458.25,2026-04,4541.810588235294,0.013593539792507325
0-30,NPA,Maharashtra,449,2834988.54,158954088.75,2026-04,6314.00565701559,0.01783526653698614
0-30,NPA,Odisha,249,1547593.06,92490714.2,2026-04,6215.233172690763,0.016732415501230932
0-30,NPA,Rajasthan,207,1548874.07,71877099.4,2026-04,7482.4834299516915,0.021548922854836294
0-30,NPA,Tamil Nadu,226,933148.8,81122631.82,2026-04,4128.976991150443,0.011502940413355048
0-30,NPA,Telangana,238,1623591.6,83733251.57,2026-04,6821.813445378151,0.01939004600391873
0-30,NPA,UNKNOWN,260,1380405.04,91639678.74,2026-04,5309.250153846154,0.01506339894442978
0-30,NPA,West Bengal,209,956250.23,78746861.38,2026-04,4575.35995215311,0.012143344042444172
31-60,HIGH,Delhi,95,328095.01,30798698.5,2026-04,3453.6316842105266,0.010652885543199172
31-60,HIGH,Haryana,91,495212.80000000005,35202977.64,2026-04,5441.898901098902,0.014067355468172267
31-60,HIGH,Karnataka,99,541228.77,37191939.82,2026-04,5466.9572727272725,0.014552313555555758
31-60,HIGH,Maharashtra,213,1346007.6,69417314.29,2026-04,6319.284507042254,0.019390084646272475
31-60,HIGH,Odisha,77,568750.52,26581822.06,2026-04,7386.37038961039,0.021396220270989207
31-60,HIGH,Rajasthan,75,297732.36,25873073.27,2026-04,3969.7648,0.011507421514753821
31-60,HIGH,Tamil Nadu,108,865605.7,38288098.79,2026-04,8014.867592592592,0.022607696055832287
31-60,HIGH,Telangana,78,542970.78,28117403.76,2026-04,6961.163846153847,0.019310843370696756
31-60,HIGH,UNKNOWN,103,825321.28,33538117.19,2026-04,8012.827961165049,0.024608455964429767
31-60,HIGH,West Bengal,87,436974.36,29604036.76,2026-04,5022.693793103448,0.014760634285876355
31-60,LOW,Delhi,99,602353.97,36176628.78,2026-04,6084.383535353535,0.016650362134710772
31-60,LOW,Haryana,90,730491.36,35043263.24,2026-04,8116.5706666666665,0.02084541485183901
31-60,LOW,Karnataka,95,491469.11,33501152.53,2026-04,5173.359052631578,0.014670214989167717
31-60,LOW,Maharashtra,206,2186470.42,71722936.93,2026-04,10613.934077669903,0.03048495381796686
31-60,LOW,Odisha,91,568554.8200000001,30097280.16,2026-04,6247.855164835166,0.018890571406369898
31-60,LOW,Rajasthan,85,1032839.3099999999,28645896.35,2026-04,12151.050705882351,0.03605540205063264
31-60,LOW,Tamil Nadu,101,917243.99,36280056.37,2026-04,9081.623663366336,0.02528231986867776
31-60,LOW,Telangana,107,883065.1799999999,35068483.52,2026-04,8252.945607476635,0.02518116243881423
31-60,LOW,UNKNOWN,108,584492.02,35767788.1,2026-04,5411.963148148148,0.0163412962066838
31-60,LOW,West Bengal,102,726334.6699999999,35213248.4,2026-04,7120.928137254901,0.02062674427957632
31-60,MEDIUM,Delhi,104,669664.8200000001,38184346.31,2026-04,6439.0848076923085,0.01753767930353762
31-60,MEDIUM,Haryana,103,329010.75,36429139.77,2026-04,3194.279126213592,0.009031526741428732
31-60,MEDIUM,Karnataka,81,496339.39999999997,31519711.85,2026-04,6127.646913580246,0.015746952331355146
31-60,MEDIUM,Maharashtra,163,1174292.81,54925472.35,2026-04,7204.25036809816,0.021379748953583647
31-60,MEDIUM,Odisha,100,328788.16,33774959.88,2026-04,3287.8815999999997,0.00973467211117824
31-60,MEDIUM,Rajasthan,89,507134.69999999995,32352525.62,2026-04,5698.142696629213,0.015675273886082464
31-60,MEDIUM,Tamil Nadu,110,821832.36,37925793.97,2026-04,7471.203272727273,0.02166948332446473
31-60,MEDIUM,Telangana,96,349793.22,32236805.13,2026-04,3643.6793749999997,0.010850740902809805
31-60,MEDIUM,UNKNOWN,100,748670.59,34023772.01,2026-04,7486.7059,0.022004338313222786
31-60,MEDIUM,West Bengal,98,1100134.05,34762717.99,2026-04,11225.857653061224,0.031646951493162
31-60,NPA,Delhi,97,804916.12,34505820.8,2026-04,8298.104329896907,0.023326966330272023
31-60,NPA,Haryana,100,821376.75,31840866.09,2026-04,8213.7675,0.02579630678632712
31-60,NPA,Karnataka,103,874525.64,33236382.68,2026-04,8490.540194174757,0.026312299037471547
31-60,NPA,Maharashtra,197,1294488.58,71393945.54,2026-04,6571.008020304569,0.018131629653031778
31-60,NPA,Odisha,100,472326.9,35325584.12,2026-04,4723.269,0.013370674873924775
31-60,NPA,Rajasthan,91,633055.25,28108359.09,2026-04,6956.6510989010985,0.022521956830458295
31-60,NPA,Tamil Nadu,104,857143.63,35760253.75,2026-04,8241.765673076923,0.02396917080041693
31-60,NPA,Telangana,70,350232.98,26116835.0,2026-04,5003.328285714286,0.013410238262025241
31-60,NPA,UNKNOWN,86,708719.8200000001,29336610.52,2026-04,8240.928139534884,0.024158203945095703
31-60,NPA,West Bengal,96,703051.25,29990983.21,2026-04,7323.450520833333,0.02344208741264538
61-90,HIGH,Delhi,95,600875.1,32950538.48,2026-04,6325.001052631579,0.018235668602645548
61-90,HIGH,Haryana,94,304379.74,37484785.94,2026-04,3238.082340425532,0.008120087453272517
61-90,HIGH,Karnataka,90,600281.49,32772627.72,2026-04,6669.794333333333,0.018316550480133427
61-90,HIGH,Maharashtra,184,524085.61,64241075.69,2026-04,2848.291358695652,0.008158107633953911
61-90,HIGH,Odisha,84,42718.57,28530922.7,2026-04,508.5544047619048,0.0014972726416590796
61-90,HIGH,Rajasthan,86,467992.39,29731472.63,2026-04,5441.771976744186,0.015740639416823937
61-90,HIGH,Tamil Nadu,113,840415.76,39866689.24,2026-04,7437.307610619469,0.021080650939952494
61-90,HIGH,Telangana,78,995765.49,24268650.95,2026-04,12766.22423076923,0.0410309370739868
61-90,HIGH,UNKNOWN,99,273775.1,34699516.13,2026-04,2765.4050505050504,0.007889882353814827
61-90,HIGH,West Bengal,97,266172.89,39345929.13,2026-04,2744.0504123711344,0.006764941021485543
61-90,LOW,Delhi,90,467038.18,31440530.03,2026-04,5189.313111111111,0.014854653517429902
61-90,LOW,Haryana,106,898090.5800000001,36710925.27,2026-04,8472.552641509435,0.024463850295103173
61-90,LOW,Karnataka,105,576923.73,36824714.6,2026-04,5494.511714285714,0.01566675359922545
61-90,LOW,Maharashtra,177,1585689.78,58418948.29,2026-04,8958.699322033899,0.027143415388589498
61-90,LOW,Odisha,101,532354.78,36457845.08,2026-04,5270.839405940595,0.01460192665890828
61-90,LOW,Rajasthan,86,647598.69,28906665.32,2026-04,7530.217325581395,0.022403092256786123
61-90,LOW,Tamil Nadu,90,260521.66,28388755.830000002,2026-04,2894.685111111111,0.00917693123150864
61-90,LOW,Telangana,99,747318.14,37571501.77,2026-04,7548.668080808081,0.019890558130330492
61-90,LOW,UNKNOWN,113,872114.21,38613459.269999996,2026-04,7717.824867256637,0.022585757051753527
61-90,LOW,West Bengal,99,435032.97,35742320.48,2026-04,4394.272424242424,0.012171368958639028
61-90,MEDIUM,Delhi,111,817442.58,39627329.85,2026-04,7364.347567567567,0.0206282528521159
61-90,MEDIUM,Haryana,82,598626.81,26815040.87,2026-04,7300.326951219513,0.022324292284399565
61-90,MEDIUM,Karnataka,71,351349.67,24932341.04,2026-04,4948.58690140845,0.014092125141249873
61-90,MEDIUM,Maharashtra,177,1364953.92,66943057.83,2026-04,7711.604067796609,0.02038977549346882
61-90,MEDIUM,Odisha,113,376467.53,39732546.38,2026-04,3331.571061946903,0.00947504160441881
61-90,MEDIUM,Rajasthan,93,371252.17,29391905.61,2026-04,3991.958817204301,0.01263110241731618
61-90,MEDIUM,Tamil Nadu,88,549749.59,31186317.57,2026-04,6247.154431818181,0.017627909700016563
61-90,MEDIUM,Telangana,101,402533.08999999997,34450227.85,2026-04,3985.476138613861,0.011684482661556618
61-90,MEDIUM,UNKNOWN,90,1015303.2100000001,29006778.25,2026-04,11281.146777777778,0.03500227433910211
61-90,MEDIUM,West Bengal,117,315101.17000000004,40382282.84,2026-04,2693.1723931623937,0.007802955846960732
61-90,NPA,Delhi,85,400879.14,29408373.19,2026-04,4716.225176470589,0.013631462624947735
61-90,NPA,Haryana,86,498607.51,30393992.62,2026-04,5797.761744186047,0.016404804601811474
61-90,NPA,Karnataka,108,154245.49,37832016.43,2026-04,1428.1989814814815,0.004077115220263188
61-90,NPA,Maharashtra,196,989676.57,67731039.28,2026-04,5049.370255102041,0.014611861570714701
61-90,NPA,Odisha,101,449111.54,32339220.98,2026-04,4446.648910891089,0.013887518820498192
61-90,NPA,Rajasthan,107,894485.0700000001,38040681.48,2026-04,8359.67355140187,0.023513907616778063
61-90,NPA,Tamil Nadu,80,253233.2,23797851.81,2026-04,3165.415,0.010641010878704183
61-90,NPA,Telangana,101,647934.5,30899803.69,2026-04,6415.193069306931,0.02096888726220901
61-90,NPA,UNKNOWN,98,566002.48,32258934.64,2026-04,5775.535510204081,0.01754560360769558
61-90,NPA,West Bengal,88,504376.58999999997,29750928.58,2026-04,5731.552159090908,0.01695330579829586
90+,HIGH,Delhi,92,235856.99,30260206.81,2026-04,2563.6629347826088,0.007794295375471692
90+,HIGH,Haryana,84,249014.11000000002,27063005.68,2026-04,2964.453690476191,0.009201273241575878
90+,HIGH,Karnataka,101,482664.96,36233601.15,2026-04,4778.86099009901,0.013320921594347241
90+,HIGH,Maharashtra,178,854438.1799999999,63976855.38,2026-04,4800.214494382022,0.013355426347933764
90+,HIGH,Odisha,107,534998.95,38977540.28,2026-04,4999.9901869158875,0.013725826364536309
90+,HIGH,Rajasthan,79,518850.15,28218039.55,2026-04,6567.72341772152,0.01838717920430443
90+,HIGH,Tamil Nadu,99,303056.72,36774110.19,2026-04,3061.1789898989896,0.008241034750649395
90+,HIGH,Telangana,100,1048302.21,34492321.88,2026-04,10483.0221,0.030392335246292788
90+,HIGH,UNKNOWN,103,586930.54,39128882.13,2026-04,5698.354757281554,0.014999931202992433
90+,HIGH,West Bengal,93,424726.97000000003,28824589.01,2026-04,4566.956666666667,0.014734883812312161
90+,LOW,Delhi,94,478164.33,33215858.29,2026-04,5086.854574468085,0.014395663836991883
90+,LOW,Haryana,79,220164.97,26892957.18,2026-04,2786.8983544303796,0.008186714779129396
90+,LOW,Karnataka,96,559554.84,29968543.46,2026-04,5828.69625,0.01867140592758057
90+,LOW,Maharashtra,216,1149401.56,76174018.15,2026-04,5321.303518518519,0.015089154910229715
90+,LOW,Odisha,98,393796.97000000003,34496877.14,2026-04,4018.3364285714288,0.011415438226533917
90+,LOW,Rajasthan,90,472492.28,32570738.64,2026-04,5249.914222222223,0.014506649211195169
90+,LOW,Tamil Nadu,102,592437.89,34236240.02,2026-04,5808.214607843137,0.017304408710007636
90+,LOW,Telangana,104,316249.61,36273477.01,2026-04,3040.8616346153844,0.008718480721128973
90+,LOW,UNKNOWN,118,454243.65,39620532.26,2026-04,3849.522457627119,0.011464854813638995
90+,LOW,West Bengal,97,186802.78999999998,35336974.82,2026-04,1925.8019587628864,0.00528632660128771
90+,MEDIUM,Delhi,87,513826.79,27047462.3,2026-04,5906.055057471264,0.01899722732953028
90+,MEDIUM,Haryana,87,538991.19,28390610.94,2026-04,6195.301034482758,0.018984839429453993
90+,MEDIUM,Karnataka,83,459978.83,30082910.34,2026-04,5541.9136144578315,0.015290370007465175
90+,MEDIUM,Maharashtra,151,934687.74,46713210.3,2026-04,6189.985033112583,0.02000906668578931
90+,MEDIUM,Odisha,89,559924.37,33982886.46,2026-04,6291.285056179775,0.016476657174459453
90+,MEDIUM,Rajasthan,85,544862.18,30266780.5,2026-04,6410.143294117648,0.018001986699576457
90+,MEDIUM,Tamil Nadu,100,915014.35,36107959.99,2026-04,9150.1435,0.025341070230869057
90+,MEDIUM,Telangana,101,574236.28,37109859.74,2026-04,5685.507722772278,0.015473954469869414
90+,MEDIUM,UNKNOWN,110,555786.3400000001,35384216.05,2026-04,5052.603090909091,0.015707182524960877
90+,MEDIUM,West Bengal,75,214677.47,25820602.94,2026-04,2862.366266666667,0.0083141927591254
90+,NPA,Delhi,96,364025.12,33404347.2,2026-04,3791.9283333333333,0.0108975373121496
90+,NPA,Haryana,79,421475.5,30008687.18,2026-04,5335.132911392405,0.014045116251566724
90+,NPA,Karnataka,77,154381.33,28841715.35,2026-04,2004.9523376623374,0.005352709716691659
90+,NPA,Maharashtra,180,1299889.66,61904271.46,2026-04,7221.609222222221,0.020998383945765926
90+,NPA,Odisha,108,504937.5,36710661.35,2026-04,4675.347222222223,0.0137545192985198
90+,NPA,Rajasthan,92,382073.16,33158562.74,2026-04,4152.9691304347825,0.011522609197385254
90+,NPA,Tamil Nadu,112,501791.77,36947453.36,2026-04,4480.283660714286,0.013581227510073783
90+,NPA,Telangana,102,74213.06,34556234.03,2026-04,727.5790196078431,0.0021476026564576428
90+,NPA,UNKNOWN,97,601681.72,35332415.84,2026-04,6202.904329896907,0.017029170117454383
90+,NPA,West Bengal,85,552931.51,27128199.17,2026-04,6505.076588235294,0.020382167888661956
0-30,HIGH,Delhi,225,1109450.06,79268839.56,2026-05,4930.889155555556,0.013996042658858876
0-30,HIGH,Haryana,208,1444813.76,71803972.31,2026-05,6946.22,0.02012164109476132
0-30,HIGH,Karnataka,201,1433354.89,69371135.79,2026-05,7131.118855721393,0.02066212227429929
0-30,HIGH,Maharashtra,444,2743953.58,160781800.23,2026-05,6180.075630630631,0.01706631954658268
0-30,HIGH,Odisha,252,1381321.11,83531904.65,2026-05,5481.432976190476,0.016536449345765036
0-30,HIGH,Rajasthan,242,1676272.31,85936694.05,2026-05,6926.745082644628,0.01950589708541389
0-30,HIGH,Tamil Nadu,201,757258.54,75322166.07,2026-05,3767.4554228855723,0.010053594838154926
0-30,HIGH,Telangana,231,1276479.41,83006026.02,2026-05,5525.884891774891,0.015378153505294145
0-30,HIGH,UNKNOWN,235,1006770.87,82205626.27,2026-05,4284.131361702128,0.012246982544641346
0-30,HIGH,West Bengal,241,1762360.79,80089457.9,2026-05,7312.700373443983,0.022004903469324145
0-30,LOW,Delhi,205,1316857.3,76655234.26,2026-05,6423.694146341463,0.017178961263538378
0-30,LOW,Haryana,198,1146200.6300000001,72485340.84,2026-05,5788.892070707071,0.015812861148436313
0-30,LOW,Karnataka,202,1234369.31,65854515.97,2026-05,6110.739158415842,0.01874388250856352
0-30,LOW,Maharashtra,437,2772170.88,148767270.98,2026-05,6343.640457665903,0.018634279312502045
0-30,LOW,Odisha,197,1878517.69,67399156.88,2026-05,9535.622791878171,0.027871530994736087
0-30,LOW,Rajasthan,181,1176575.15,66186759.44,2026-05,6500.415193370165,0.017776593988811245
0-30,LOW,Tamil Nadu,210,1410827.45,73384990.02,2026-05,6718.225952380953,0.01922501385658702
0-30,LOW,Telangana,249,2010779.24,89526604.7,2026-05,8075.418634538152,0.02246013066996162
0-30,LOW,UNKNOWN,253,1166123.1199999999,84588680.82,2026-05,4609.182292490118,0.013785805721234086
0-30,LOW,West Bengal,221,930056.8099999999,77156531.15,2026-05,4208.40185520362,0.012054155314368353
0-30,MEDIUM,Delhi,231,1358650.8800000001,83839186.89,2026-05,5881.605541125542,0.01620543960883827
0-30,MEDIUM,Haryana,218,1666857.32,74994778.19,2026-05,7646.134495412844,0.02222631175435976
0-30,MEDIUM,Karnataka,254,1722309.77,87956605.05,2026-05,6780.747125984252,0.019581357977845236
0-30,MEDIUM,Maharashtra,422,2444523.2600000002,153682100.84,2026-05,5792.709146919432,0.01590636285317975
0-30,MEDIUM,Odisha,237,1790018.51,79962350.36,2026-05,7552.820717299578,0.02238576657565872
0-30,MEDIUM,Rajasthan,237,1816267.81,84328915.84,2026-05,7663.577257383967,0.021537900634772348
0-30,MEDIUM,Tamil Nadu,214,1168289.73,71813684.47,2026-05,5459.297803738317,0.016268344099348506
0-30,MEDIUM,Telangana,240,1657053.6,84150642.21,2026-05,6904.39,0.019691514603831332
0-30,MEDIUM,UNKNOWN,217,1656415.79,75953347.38,2026-05,7633.252488479263,0.021808331655388855
0-30,MEDIUM,West Bengal,215,747903.78,73450088.26,2026-05,3478.62223255814,0.01018247625996794
0-30,NPA,Delhi,220,1162909.5,82542832.27,2026-05,5285.952272727272,0.014088558243265622
0-30,NPA,Haryana,191,1564683.32,69293641.36,2026-05,8192.059267015708,0.02258047476349279
0-30,NPA,Karnataka,229,1416740.2,75934663.2,2026-05,6186.638427947598,0.018657358053574668
0-30,NPA,Maharashtra,417,2183122.01,146311635.61,2026-05,5235.304580335731,0.014921041658089353
0-30,NPA,Odisha,234,1616821.94,87684510.24,2026-05,6909.49547008547,0.018439082747621217
0-30,NPA,Rajasthan,201,832187.15,69815534.8,2026-05,4140.234577114428,0.011919799116113053
0-30,NPA,Tamil Nadu,212,940023.88,78111806.5,2026-05,4434.074905660377,0.01203433798448894
0-30,NPA,Telangana,223,956556.66,77902601.66,2026-05,4289.491748878924,0.012278879519002705
0-30,NPA,UNKNOWN,244,1483519.54,84587580.28,2026-05,6079.998114754098,0.017538266670937806
0-30,NPA,West Bengal,196,1430544.3699999999,72794676.83,2026-05,7298.695765306122,0.01965177169947194
31-60,HIGH,Delhi,88,925848.01,27890569.66,2026-05,10521.000113636364,0.03319573681307161
31-60,HIGH,Haryana,86,295217.76,32664051.689999998,2026-05,3432.764651162791,0.009038001862162741
31-60,HIGH,Karnataka,98,856941.7,35347578.63,2026-05,8744.30306122449,0.024243292842489106
31-60,HIGH,Maharashtra,201,895053.13,65361967.27,2026-05,4453.000646766169,0.013693791166087097
31-60,HIGH,Odisha,68,0.0,24092352.86,2026-05,0.0,0.0
31-60,HIGH,Rajasthan,64,313678.0,22147901.17,2026-05,4901.21875,0.014162876996439115
31-60,HIGH,Tamil Nadu,102,851555.26,36634600.089999996,2026-05,8348.580980392157,0.0232445627332628
31-60,HIGH,Telangana,71,607322.76,24952852.85,2026-05,8553.841690140845,0.024338810622209075
31-60,HIGH,UNKNOWN,98,735232.9199999999,31408827.97,2026-05,7502.376734693877,0.023408479956726
31-60,HIGH,West Bengal,83,852122.64,28092952.78,2026-05,10266.537831325302,0.03033225615951076
31-60,LOW,Delhi,90,543425.11,33579072.71,2026-05,6038.056777777778,0.01618344600201439
31-60,LOW,Haryana,82,409724.63,31835318.41,2026-05,4996.641829268293,0.012870128224359104
31-60,LOW,Karnataka,95,541553.22,34233471.74,2026-05,5700.560210526315,0.015819406927613
31-60,LOW,Maharashtra,204,1663610.05,72775625.49,2026-05,8154.9512254901965,0.02285944007762042
31-60,LOW,Odisha,89,301093.52,29336264.47,2026-05,3383.0732584269663,0.01026352623415656
31-60,LOW,Rajasthan,84,296412.85,28210227.13,2026-05,3528.7244047619047,0.010507283356282569
31-60,LOW,Tamil Nadu,95,782733.14,35824020.58,2026-05,8239.296210526316,0.02184939399116435
31-60,LOW,Telangana,99,75536.51000000001,33867200.72,2026-05,762.9950505050506,0.00223037358843161
31-60,LOW,UNKNOWN,102,681447.59,34722811.33,2026-05,6680.858725490196,0.019625357622216472
31-60,LOW,West Bengal,98,535591.4299999999,33405276.42,2026-05,5465.218673469387,0.016033138695398946
31-60,MEDIUM,Delhi,91,510778.42,32118459.97,2026-05,5612.94967032967,0.015902954888780116
31-60,MEDIUM,Haryana,92,517054.58999999997,32170410.8,2026-05,5620.1585869565215,0.016072365168554203
31-60,MEDIUM,Karnataka,78,260741.63,30623800.68,2026-05,3342.84141025641,0.008514345842457331
31-60,MEDIUM,Maharashtra,156,267766.67,53265269.43,2026-05,1716.4530128205126,0.0050270405625544206
31-60,MEDIUM,Odisha,94,640793.52,32558275.78,2026-05,6816.952340425532,0.019681432896812942
31-60,MEDIUM,Rajasthan,83,616381.91,29131566.19,2026-05,7426.288072289157,0.021158557215217134
31-60,MEDIUM,Tamil Nadu,102,504958.78,34458778.18,2026-05,4950.5762745098045,0.0146539954888209
31-60,MEDIUM,Telangana,90,977503.74,30597973.4,2026-05,10861.152666666667,0.03194668245577336
31-60,MEDIUM,UNKNOWN,92,748219.18,31555189.06,2026-05,8132.817173913044,0.023711446588937028
31-60,MEDIUM,West Bengal,95,306906.21,33925785.339999996,2026-05,3230.5916842105266,0.009046399572603087
31-60,NPA,Delhi,94,511822.27,32777463.7,2026-05,5444.917765957447,0.015615066335959363
31-60,NPA,Haryana,93,536592.32,30544957.06,2026-05,5769.8098924731175,0.017567296589939944
31-60,NPA,Karnataka,91,883362.8,30421482.13,2026-05,9707.283516483518,0.029037467544320468
31-60,NPA,Maharashtra,171,1011523.3999999999,62892663.15,2026-05,5915.341520467836,0.016083329109271467
31-60,NPA,Odisha,100,341359.16,35760490.87,2026-05,3413.5915999999997,0.009545706775696728
31-60,NPA,Rajasthan,92,253266.5,27472753.11,2026-05,2752.896739130435,0.009218824883910588
31-60,NPA,Tamil Nadu,94,1370470.72,31667778.47,2026-05,14579.47574468085,0.04327650331703233
31-60,NPA,Telangana,70,379413.18,26616170.81,2026-05,5420.1882857142855,0.014254987417553322
31-60,NPA,UNKNOWN,85,558811.05,28722308.44,2026-05,6574.247647058824,0.01945564546691429
31-60,NPA,West Bengal,92,500988.08,29532515.11,2026-05,5445.522608695653,0.016963948994319165
61-90,HIGH,Delhi,85,403323.98,29047516.21,2026-05,4744.987999999999,0.013884973058768799
61-90,HIGH,Haryana,84,401131.69,33133125.34,2026-05,4775.377261904762,0.012106666240619728
61-90,HIGH,Karnataka,82,501026.78,29597675.89,2026-05,6110.08268292683,0.016927909537967443
61-90,HIGH,Maharashtra,171,1143264.83,59630252.87,2026-05,6685.759239766082,0.019172563840915337
61-90,HIGH,Odisha,82,435748.92,27185001.919999998,2026-05,5314.011219512195,0.01602901928358591
61-90,HIGH,Rajasthan,84,671775.47,29517143.78,2026-05,7997.327023809524,0.02275882365200851
61-90,HIGH,Tamil Nadu,97,906328.23,34464427.12,2026-05,9343.59,0.026297498775891447
61-90,HIGH,Telangana,76,450115.44,23298185.07,2026-05,5922.571578947369,0.019319764121008418
61-90,HIGH,UNKNOWN,99,1181459.0,35010094.03,2026-05,11933.929292929293,0.033746238984323
61-90,HIGH,West Bengal,94,531130.1,38394260.45,2026-05,5650.320212765957,0.01383358069083474
61-90,LOW,Delhi,90,404883.52999999997,32122525.89,2026-05,4498.705888888889,0.012604349090930096
61-90,LOW,Haryana,94,1201295.82,32946796.2,2026-05,12779.742765957448,0.036461688496437175
61-90,LOW,Karnataka,99,603868.31,32983750.25,2026-05,6099.6798989899,0.01830805488833096
61-90,LOW,Maharashtra,177,1108376.93,58506842.1,2026-05,6262.016553672316,0.018944398470619215
61-90,LOW,Odisha,91,465099.66,33207802.32,2026-05,5110.985274725274,0.014005734421030484
61-90,LOW,Rajasthan,80,1143688.41,28405526.33,2026-05,14296.105124999998,0.04026288394424551
61-90,LOW,Tamil Nadu,87,622813.73,27608680.12,2026-05,7158.7785057471265,0.02255862023439605
61-90,LOW,Telangana,96,566908.0,36170518.96,2026-05,5905.291666666667,0.01567320614412329
61-90,LOW,UNKNOWN,105,364758.57999999996,35227554.6,2026-05,3473.891238095238,0.010354354258810799
61-90,LOW,West Bengal,94,380195.42,33660376.38,2026-05,4044.6321276595745,0.011295043635516233
61-90,MEDIUM,Delhi,102,668813.6799999999,35712003.38,2026-05,6556.996862745097,0.018727979858294913
61-90,MEDIUM,Haryana,76,517512.3,22954060.509999998,2026-05,6809.372368421053,0.02254556660136643
61-90,MEDIUM,Karnataka,68,431881.74,22624689.63,2026-05,6351.202058823529,0.019088957553138376
61-90,MEDIUM,Maharashtra,170,729613.38,63637967.11,2026-05,4291.843411764706,0.011465064223985078
61-90,MEDIUM,Odisha,104,654311.3,35818614.78,2026-05,6291.454807692308,0.018267353553977947
61-90,MEDIUM,Rajasthan,87,632385.4,28220247.19,2026-05,7268.797701149426,0.022408924902120958
61-90,MEDIUM,Tamil Nadu,85,179707.05,29711139.25,2026-05,2114.200588235294,0.006048473890142061
61-90,MEDIUM,Telangana,95,807768.58,32524328.81,2026-05,8502.827157894737,0.02483582627388891
61-90,MEDIUM,UNKNOWN,85,725292.5,28955433.65,2026-05,8532.85294117647,0.02504858013065883
61-90,MEDIUM,West Bengal,112,590823.13,37605810.81,2026-05,5275.206517857143,0.01571095310203737
61-90,NPA,Delhi,80,489357.8,28084827.07,2026-05,6116.9725,0.01742427677337306
61-90,NPA,Haryana,74,311587.8,26952077.27,2026-05,4210.645945945946,0.011560808351748985
61-90,NPA,Karnataka,97,508525.02,33789202.75,2026-05,5242.525979381444,0.015049926562709445
61-90,NPA,Maharashtra,185,1161822.85,63770883.97,2026-05,6280.123513513514,0.018218703860943205
61-90,NPA,Odisha,89,452245.89,29988266.96,2026-05,5081.414494382023,0.01508076110577615
61-90,NPA,Rajasthan,96,570034.53,33602245.26,2026-05,5937.8596875,0.016964179791835735
61-90,NPA,Tamil Nadu,78,450937.81,22899166.91,2026-05,5781.253974358974,0.019692323820002237
61-90,NPA,Telangana,98,590477.51,30571156.75,2026-05,6025.280714285715,0.01931485664179194
61-90,NPA,UNKNOWN,93,814813.67,29590351.89,2026-05,8761.437311827958,0.027536464352604224
61-90,NPA,West Bengal,89,583133.72,30912762.07,2026-05,6552.064269662921,0.0188638504278437
90+,HIGH,Delhi,91,572768.28,29772480.23,2026-05,6294.156923076924,0.019238178195945352
90+,HIGH,Haryana,75,411890.57,24291453.29,2026-05,5491.874266666667,0.016956192990295972
90+,HIGH,Karnataka,97,445988.01999999996,35543712.17,2026-05,4597.814639175257,0.012547592605603747
90+,HIGH,Maharashtra,173,1330002.61,60809418.74,2026-05,7687.876358381503,0.021871654713336932
90+,HIGH,Odisha,105,1233706.6400000001,39251653.38,2026-05,11749.587047619048,0.0314306923088395
90+,HIGH,Rajasthan,77,571419.23,28610706.57,2026-05,7421.028961038961,0.01997221664560939
90+,HIGH,Tamil Nadu,94,420597.69999999995,34042376.02,2026-05,4474.443617021276,0.012355121738650013
90+,HIGH,Telangana,98,758365.71,33026526.64,2026-05,7738.425612244898,0.022962321114370746
90+,HIGH,UNKNOWN,90,572781.76,33354232.43,2026-05,6364.241777777778,0.01717268599126327
90+,HIGH,West Bengal,91,344204.64,28864236.65,2026-05,3782.4685714285715,0.01192495211890525
90+,LOW,Delhi,86,764612.96,31430925.45,2026-05,8890.848372093023,0.024326772090002204
90+,LOW,Haryana,71,439616.73,24516107.42,2026-05,6191.784929577465,0.01793175084725583
90+,LOW,Karnataka,88,365893.22,27038980.49,2026-05,4157.8775,0.013532064203948837
90+,LOW,Maharashtra,200,810561.23,70180517.06,2026-05,4052.80615,0.011549661700369352
90+,LOW,Odisha,93,621018.9,32105786.04,2026-05,6677.622580645161,0.01934289661141715
90+,LOW,Rajasthan,96,750282.35,36087074.46,2026-05,7815.441145833333,0.020790888738615693
90+,LOW,Tamil Nadu,97,705210.43,33187566.07,2026-05,7270.210618556702,0.021249236190221166
90+,LOW,Telangana,103,320674.42000000004,34867904.9,2026-05,3113.343883495146,0.00919683648672565
90+,LOW,UNKNOWN,111,748631.64,37608469.28,2026-05,6744.429189189189,0.019905932209746135
90+,LOW,West Bengal,88,210212.98,31469580.07,2026-05,2388.7838636363635,0.0066798787760246085
90+,MEDIUM,Delhi,82,781286.26,25649651.65,2026-05,9527.881219512195,0.030459916986825826
90+,MEDIUM,Haryana,80,277688.94,25137181.98,2026-05,3471.11175,0.011046939956154942
90+,MEDIUM,Karnataka,77,273622.83999999997,27168228.07,2026-05,3553.5433766233764,0.010071427525380015
90+,MEDIUM,Maharashtra,132,545321.22,41312794.55,2026-05,4131.221363636363,0.013199814390188717
90+,MEDIUM,Odisha,80,886605.81,30373462.46,2026-05,11082.572625,0.029190146206334096
90+,MEDIUM,Rajasthan,78,603021.0,27036378.13,2026-05,7731.038461538462,0.02230406000021424
90+,MEDIUM,Tamil Nadu,99,556711.33,36766399.82,2026-05,5623.346767676767,0.01514185051366283
90+,MEDIUM,Telangana,96,311556.2,35385149.93,2026-05,3245.3770833333333,0.008804716120076647
90+,MEDIUM,UNKNOWN,107,560178.36,34865338.62,2026-05,5235.311775700934,0.01606691293336993
90+,MEDIUM,West Bengal,71,198800.72,23710012.84,2026-05,2800.0101408450705,0.008384673654187696
90+,NPA,Delhi,91,566149.9299999999,31530922.84,2026-05,6221.427802197802,0.01795538725183725
90+,NPA,Haryana,76,824598.37,29625729.4,2026-05,10849.978552631579,0.02783385883488155
90+,NPA,Karnataka,67,260288.91000000003,26349900.41,2026-05,3884.9091044776123,0.009878174336523044
90+,NPA,Maharashtra,166,729213.1900000001,56962499.41,2026-05,4392.850542168675,0.012801636121184384
90+,NPA,Odisha,101,956407.7,34379337.8,2026-05,9469.383168316832,0.027819258927087306
90+,NPA,Rajasthan,85,446820.87,30002160.51,2026-05,5256.716117647059,0.014892956453955055
90+,NPA,Tamil Nadu,103,940951.25,33696369.88,2026-05,9135.449029126214,0.027924410058143626
90+,NPA,Telangana,91,830161.64,30835709.5,2026-05,9122.655384615386,0.026922086550335417
90+,NPA,UNKNOWN,93,163490.26,33727015.12,2026-05,1757.9597849462366,0.004847457132459103
90+,NPA,West Bengal,78,822170.1699999999,23562270.62,2026-05,10540.643205128204,0.03489350340039511
0-30,HIGH,Delhi,213,1621165.72,74479704.27,2026-06,7611.106666666667,0.02176654346159906
0-30,HIGH,Haryana,200,1224167.53,67920263.81,2026-06,6120.83765,0.018023597985786444
0-30,HIGH,Karnataka,184,1478485.54,64435221.14,2026-06,8035.2475,0.022945300937008625
0-30,HIGH,Maharashtra,429,3157860.95,157008389.09,2026-06,7360.981235431236,0.020112689317446968
0-30,HIGH,Odisha,235,1414007.1800000002,78719053.72,2026-06,6017.051829787235,0.01796270551002249
0-30,HIGH,Rajasthan,218,1535698.7,76638644.3,2026-06,7044.489449541285,0.02003817674525331
0-30,HIGH,Tamil Nadu,185,686042.37,69021787.68,2026-06,3708.337135135135,0.00993950451096169
0-30,HIGH,Telangana,222,1709024.21,78457035.51,2026-06,7698.3072522522525,0.021782931242439952
0-30,HIGH,UNKNOWN,223,1235248.68,78129571.97,2026-06,5539.231748878923,0.01581025786848426
0-30,HIGH,West Bengal,240,1106363.24,79480043.06,2026-06,4609.846833333333,0.013920013092655212
0-30,LOW,Delhi,193,1324645.69,72528129.4,2026-06,6863.449170984456,0.01826388879677903
0-30,LOW,Haryana,195,996107.27,69394735.96,2026-06,5108.24241025641,0.014354219469531073
0-30,LOW,Karnataka,197,1320718.92,65753385.88,2026-06,6704.156954314721,0.020085945420518926
0-30,LOW,Maharashtra,421,2096167.81,144001229.71,2026-06,4979.020926365796,0.014556596594497234
0-30,LOW,Odisha,189,903506.45,65714719.23,2026-06,4780.457407407407,0.013748920494322562
0-30,LOW,Rajasthan,176,1056928.24,63999998.09,2026-06,6005.274090909091,0.016514504242854736
0-30,LOW,Tamil Nadu,205,1425107.98,72521342.75,2026-06,6951.746243902439,0.019650876913748262
0-30,LOW,Telangana,237,929092.0499999999,85631540.07000001,2026-06,3920.219620253164,0.010849881354936605
0-30,LOW,UNKNOWN,232,1212698.4,77549305.83,2026-06,5227.148275862069,0.015637772472888684
0-30,LOW,West Bengal,206,1618194.8900000001,72021408.53,2026-06,7855.3150000000005,0.022468248303224348
0-30,MEDIUM,Delhi,218,1485983.34,77467448.78,2026-06,6816.4373394495415,0.019182035337449253
0-30,MEDIUM,Haryana,204,641185.19,71758032.82,2026-06,3143.064656862745,0.008935378588322902
0-30,MEDIUM,Karnataka,229,1595302.33,78046694.32,2026-06,6966.385720524017,0.020440357453950397
0-30,MEDIUM,Maharashtra,401,2846494.95,146564586.15,2026-06,7098.49114713217,0.01942143750255457
0-30,MEDIUM,Odisha,225,1570941.52,75223621.16,2026-06,6981.962311111111,0.020883620008914763
0-30,MEDIUM,Rajasthan,226,1528153.96,78560064.79,2026-06,6761.743185840708,0.019452045566471073
0-30,MEDIUM,Tamil Nadu,198,922656.57,67374860.2,2026-06,4659.881666666666,0.013694374537640969
0-30,MEDIUM,Telangana,227,1436121.15,79109499.47,2026-06,6326.524889867841,0.018153586606177524
0-30,MEDIUM,UNKNOWN,207,199159.16,72315838.86,2026-06,962.1215458937198,0.0027540185267789343
0-30,MEDIUM,West Bengal,194,1109261.34,65678591.94,2026-06,5717.841958762887,0.016889237531361123
0-30,NPA,Delhi,212,948874.9299999999,80163381.95,2026-06,4475.825141509434,0.011836762707838825
0-30,NPA,Haryana,192,975977.62,68160486.75,2026-06,5083.216770833334,0.014318818226455813
0-30,NPA,Karnataka,226,1216133.93,75439712.26,2026-06,5381.123584070796,0.016120606688008594
0-30,NPA,Maharashtra,394,2171853.91,139432917.2,2026-06,5512.319568527919,0.015576335585697695
0-30,NPA,Odisha,226,1298387.27,84346597.29,2026-06,5745.076415929204,0.015393475394578065
0-30,NPA,Rajasthan,186,574449.7,63536262.75,2026-06,3088.439247311828,0.009041288787480657
0-30,NPA,Tamil Nadu,208,914508.77,74336103.03,2026-06,4396.676778846154,0.012302350173386538
0-30,NPA,Telangana,206,1032730.83,72282685.44,2026-06,5013.25645631068,0.014287388794613108
0-30,NPA,UNKNOWN,234,1326390.08,80949800.83,2026-06,5668.333675213676,0.01638534087051688
0-30,NPA,West Bengal,190,755352.01,67785644.4,2026-06,3975.536894736842,0.01114324451269803
31-60,HIGH,Delhi,82,720431.34,26677480.34,2026-06,8785.748048780488,0.027005224287234914
31-60,HIGH,Haryana,86,722676.24,33383848.18,2026-06,8403.212093023256,0.021647481623552005
31-60,HIGH,Karnataka,95,342131.11,33660328.3,2026-06,3601.380105263158,0.010164223799326402
31-60,HIGH,Maharashtra,194,1496003.65,62995515.87,2026-06,7711.359020618556,0.023747779970358707
31-60,HIGH,Odisha,61,224957.5,21890435.25,2026-06,3687.8278688524592,0.01027652019847344
31-60,HIGH,Rajasthan,63,431392.49,21761946.0,2026-06,6847.499841269841,0.01982324972224451
31-60,HIGH,Tamil Nadu,97,614518.69,34309721.12,2026-06,6335.244226804123,0.017910920577019252
31-60,HIGH,Telangana,68,197151.37,23695714.22,2026-06,2899.2848529411763,0.008320127773721944
31-60,HIGH,UNKNOWN,89,513915.57999999996,28392938.81,2026-06,5774.332359550562,0.018100119309206512
31-60,HIGH,West Bengal,79,425000.96,26931596.12,2026-06,5379.758987341773,0.01578075648046663
31-60,LOW,Delhi,87,488854.74,32258807.34,2026-06,5619.0199999999995,0.015154147977251288
31-60,LOW,Haryana,74,722995.94,28477042.97,2026-06,9770.215405405404,0.02538872946751044
31-60,LOW,Karnataka,91,411450.67,34453611.45,2026-06,4521.435934065934,0.011942163758278524
31-60,LOW,Maharashtra,193,906828.01,68585289.26,2026-06,4698.590725388601,0.013221902536013302
31-60,LOW,Odisha,80,496050.44,25437945.68,2026-06,6200.6305,0.019500412739304192
31-60,LOW,Rajasthan,76,261059.09999999998,26496792.72,2026-06,3434.9881578947366,0.009852479232437457
31-60,LOW,Tamil Nadu,81,525065.91,29667735.64,2026-06,6482.295185185186,0.017698213182541358
31-60,LOW,Telangana,93,323401.42,32212344.13,2026-06,3477.4346236559136,0.010039673570319577
31-60,LOW,UNKNOWN,96,449190.32999999996,33314654.56,2026-06,4679.0659375,0.013483265425760428
31-60,LOW,West Bengal,92,695051.48,30950074.44,2026-06,7554.907391304348,0.022457182820268522
31-60,MEDIUM,Delhi,83,378236.06,29555701.45,2026-06,4557.0609638554215,0.012797397505177466
31-60,MEDIUM,Haryana,85,374046.82,29518164.0,2026-06,4400.550823529412,0.012671750858217333
31-60,MEDIUM,Karnataka,77,546497.79,30300133.7,2026-06,7097.373896103896,0.01803615110780848
31-60,MEDIUM,Maharashtra,150,1252342.26,50076152.15,2026-06,8348.9484,0.025008755789556008
31-60,MEDIUM,Odisha,94,750924.57,32352345.04,2026-06,7988.559255319148,0.023210823483477534
31-60,MEDIUM,Rajasthan,83,363134.9,28366388.93,2026-06,4375.119277108434,0.01280159067465765
31-60,MEDIUM,Tamil Nadu,90,517285.79,31825541.77,2026-06,5747.619888888888,0.01625379368993535
31-60,MEDIUM,Telangana,82,423875.85000000003,28338055.34,2026-06,5169.21768292683,0.0149578312595673
31-60,MEDIUM,UNKNOWN,86,880588.03,29905716.02,2026-06,10239.39569767442,0.029445475554274993
31-60,MEDIUM,West Bengal,90,609882.08,32180009.91,2026-06,6776.467555555555,0.01895220298892692
31-60,NPA,Delhi,88,134393.62,30727573.38,2026-06,1527.2002272727273,0.004373714069054157
31-60,NPA,Haryana,91,212699.9,29875114.39,2026-06,2337.361538461538,0.007119634663932746
31-60,NPA,Karnataka,83,616893.71,28057220.07,2026-06,7432.454337349397,0.021986986182555183
31-60,NPA,Maharashtra,171,1291400.84,62984584.36,2026-06,7552.051695906433,0.0205034430745587
31-60,NPA,Odisha,99,574976.34,35056978.08,2026-06,5807.841818181818,0.016401195182536965
31-60,NPA,Rajasthan,87,771122.76,25723382.84,2026-06,8863.48,0.029977501979284775
31-60,NPA,Tamil Nadu,87,435077.57,29918088.54,2026-06,5000.891609195402,0.01454229167810331
31-60,NPA,Telangana,62,122863.18999999999,23496827.12,2026-06,1981.6643548387094,0.0052289268407401885
31-60,NPA,UNKNOWN,87,712371.89,30184876.36,2026-06,8188.182643678161,0.023600291798578036
31-60,NPA,West Bengal,79,459278.36,24843432.43,2026-06,5813.650126582278,0.018486912438290638
61-90,HIGH,Delhi,84,667125.23,29356287.53,2026-06,7941.967023809523,0.022725122490990943
61-90,HIGH,Haryana,79,617627.12,31248201.66,2026-06,7818.064810126582,0.019765205265895612
61-90,HIGH,Karnataka,84,312256.24,29955872.15,2026-06,3717.3361904761905,0.010423874105097621
61-90,HIGH,Maharashtra,165,685427.33,57445870.36,2026-06,4154.10503030303,0.011931707635459001
61-90,HIGH,Odisha,82,253497.21,26824997.99,2026-06,3091.429390243902,0.009450036495603853
61-90,HIGH,Rajasthan,75,603947.53,25181098.88,2026-06,8052.633733333334,0.02398416101211863
61-90,HIGH,Tamil Nadu,91,545524.51,33315201.64,2026-06,5994.774835164835,0.01637464229977868
61-90,HIGH,Telangana,73,321650.64,22857496.34,2026-06,4406.173150684932,0.014071997878311813
61-90,HIGH,UNKNOWN,99,492214.43,35179629.25,2026-06,4971.862929292929,0.013991461550152635
61-90,HIGH,West Bengal,90,337258.44,36483452.97,2026-06,3747.316,0.009244148032734852
61-90,LOW,Delhi,90,608731.96,32427490.259999998,2026-06,6763.688444444444,0.018772095993839024
61-90,LOW,Haryana,92,368137.0,31931246.12,2026-06,4001.4891304347825,0.01152905209575955
61-90,LOW,Karnataka,97,380442.0,32011762.8,2026-06,3922.082474226804,0.011884443926967995
61-90,LOW,Maharashtra,169,983439.59,56945988.51,2026-06,5819.169171597633,0.017269690380865073
61-90,LOW,Odisha,80,270221.86,29534110.3,2026-06,3377.7732499999997,0.00914948367345943
61-90,LOW,Rajasthan,79,644017.84,28333472.69,2026-06,8152.124556962025,0.022729929615274418
61-90,LOW,Tamil Nadu,77,608737.84,23788487.38,2026-06,7905.686233766233,0.02558959845895002
61-90,LOW,Telangana,93,687233.05,36104879.51,2026-06,7389.602688172044,0.019034353786159475
61-90,LOW,UNKNOWN,99,656039.45,32157249.93,2026-06,6626.661111111111,0.020400981160642425
61-90,LOW,West Bengal,95,503783.5,33651608.25,2026-06,5302.984210526316,0.014970562365321722
61-90,MEDIUM,Delhi,98,503736.0,34249235.62,2026-06,5140.163265306122,0.014707948685016523
61-90,MEDIUM,Haryana,73,720841.87,22834041.38,2026-06,9874.546164383562,0.031568738008479515
61-90,MEDIUM,Karnataka,73,698173.07,24463468.89,2026-06,9564.014657534246,0.028539414141932833
61-90,MEDIUM,Maharashtra,164,1420474.8699999999,61194124.68,2026-06,8661.43213414634,0.023212602148131582
61-90,MEDIUM,Odisha,97,1167291.98,33386966.63,2026-06,12033.93793814433,0.034962504768286586
61-90,MEDIUM,Rajasthan,81,348065.19,25931340.72,2026-06,4297.101111111111,0.013422568225774329
61-90,MEDIUM,Tamil Nadu,83,400371.80000000005,29898522.45,2026-06,4823.756626506025,0.013391022939998162
61-90,MEDIUM,Telangana,95,417193.9,32434655.78,2026-06,4391.514736842106,0.012862596810947256
61-90,MEDIUM,UNKNOWN,80,280703.87,27581972.85,2026-06,3508.798375,0.010177077307941734
61-90,MEDIUM,West Bengal,108,519933.5,37218179.85,2026-06,4814.199074074074,0.01396987983011211
61-90,NPA,Delhi,70,418818.36,23619479.59,2026-06,5983.119428571428,0.017731904651164247
61-90,NPA,Haryana,63,26978.36,21567840.62,2026-06,428.22793650793653,0.0012508605045505941
61-90,NPA,Karnataka,91,218542.23,31702758.86,2026-06,2401.562967032967,0.006893476714915783
61-90,NPA,Maharashtra,177,1102131.32,62470276.21,2026-06,6226.730621468927,0.017642491547421316
61-90,NPA,Odisha,85,259642.33000000002,29462225.63,2026-06,3054.615647058824,0.008812719489040178
61-90,NPA,Rajasthan,88,341167.26,30361756.14,2026-06,3876.900681818182,0.01123674330387399
61-90,NPA,Tamil Nadu,80,511425.54000000004,24190666.59,2026-06,6392.8192500000005,0.02114144056747136
61-90,NPA,Telangana,91,529796.48,28184102.93,2026-06,5821.939340659341,0.0187977059733226
61-90,NPA,UNKNOWN,95,32250.02,31429069.79,2026-06,339.4738947368421,0.0010261207288502444
61-90,NPA,West Bengal,82,813100.4500000001,29637785.83,2026-06,9915.859146341465,0.02743458822004721
90+,HIGH,Delhi,82,785795.31,26039981.37,2026-06,9582.869634146342,0.030176492787559933
90+,HIGH,Haryana,74,198664.91999999998,24646125.61,2026-06,2684.6610810810807,0.008060695751684112
90+,HIGH,Karnataka,94,104811.07,34733171.56,2026-06,1115.0113829787235,0.0030176072409323048
90+,HIGH,Maharashtra,162,502287.54999999993,56460594.36,2026-06,3100.540432098765,0.008896249777275635
90+,HIGH,Odisha,99,866215.53,37539057.63,2026-06,8749.65181818182,0.023075047289086676
90+,HIGH,Rajasthan,68,302177.44,25811128.11,2026-06,4443.785882352941,0.011707254278550013
90+,HIGH,Tamil Nadu,96,519543.57999999996,35430827.160000004,2026-06,5411.9122916666665,0.014663602903026323
90+,HIGH,Telangana,88,584167.13,29823835.84,2026-06,6638.262840909091,0.019587256754428274
90+,HIGH,UNKNOWN,86,797397.96,31886171.34,2026-06,9272.06930232558,0.025007642074597217
90+,HIGH,West Bengal,85,155415.7,26683524.33,2026-06,1828.42,0.00582440677917751
90+,LOW,Delhi,83,554517.59,30998240.1,2026-06,6680.934819277108,0.017888679751209488
90+,LOW,Haryana,65,753043.47,22043519.97,2026-06,11585.284153846153,0.034161670687115765
90+,LOW,Karnataka,83,865781.5399999999,25993812.169999998,2026-06,10431.102891566265,0.03330721689984421
90+,LOW,Maharashtra,180,1094078.83,64345742.72,2026-06,6078.215722222222,0.017003126916428263
90+,LOW,Odisha,87,835232.38,29655692.5,2026-06,9600.372183908046,0.028164318874023934
90+,LOW,Rajasthan,87,297158.86000000004,31037769.92,2026-06,3415.6190804597704,0.009574104736452664
90+,LOW,Tamil Nadu,91,829233.17,31447210.34,2026-06,9112.452417582417,0.026369053440178696
90+,LOW,Telangana,88,469390.49,30228305.4,2026-06,5333.982840909091,0.015528177441266689
90+,LOW,UNKNOWN,96,470736.42,31698930.56,2026-06,4903.5043749999995,0.014850230329032274
90+,LOW,West Bengal,86,166109.16999999998,31077431.98,2026-06,1931.5019767441859,0.0053450095267491915
90+,MEDIUM,Delhi,80,374794.01,23988185.68,2026-06,4684.925125,0.015624108258945243
90+,MEDIUM,Haryana,71,211168.46,22681673.14,2026-06,2974.203661971831,0.009310091839194892
90+,MEDIUM,Karnataka,75,321170.89,25594852.63,2026-06,4282.278533333333,0.0125482609586723
90+,MEDIUM,Maharashtra,136,881013.8,42457627.88,2026-06,6478.042647058824,0.020750424458239894
90+,MEDIUM,Odisha,78,736068.79,28226545.7,2026-06,9436.77935897436,0.026077182728030376
90+,MEDIUM,Rajasthan,77,265890.27,27892336.24,2026-06,3453.12038961039,0.009532735720383673
90+,MEDIUM,Tamil Nadu,88,481643.31,32311778.2,2026-06,5473.219431818182,0.014906122065420715
90+,MEDIUM,Telangana,91,219631.51,31689310.97,2026-06,2413.533076923077,0.006930775812952301
90+,MEDIUM,UNKNOWN,100,651291.4199999999,31805914.04,2026-06,6512.914199999999,0.020477054021491657
90+,MEDIUM,West Bengal,67,321616.49,22719603.76,2026-06,4800.246119402985,0.014155902250647348
90+,NPA,Delhi,89,478043.24,30722636.01,2026-06,5371.272359550561,0.015559968221620054
90+,NPA,Haryana,81,757208.0800000001,30459283.94,2026-06,9348.247901234568,0.024859680926563505
90+,NPA,Karnataka,63,76898.41,23583971.61,2026-06,1220.6096825396826,0.0032606217168016684
90+,NPA,Maharashtra,156,1041152.54,53564083.62,2026-06,6674.054743589744,0.019437512408244578
90+,NPA,Odisha,92,572461.78,29927551.46,2026-06,6222.410652173913,0.019128253133743004
90+,NPA,Rajasthan,83,535361.89,28637481.580000002,2026-06,6450.143253012048,0.018694447292945233
90+,NPA,Tamil Nadu,100,580424.37,33650027.19,2026-06,5804.2437,0.017248852927301307
90+,NPA,Telangana,89,336143.76,31261379.81,2026-06,3776.896179775281,0.010752684687720443
90+,NPA,UNKNOWN,90,770933.54,32633237.94,2026-06,8565.928222222223,0.023624181621739494
90+,NPA,West Bengal,77,269446.02,25054377.59,2026-06,3499.2989610389614,0.010754448759786574
0-30,HIGH,Delhi,196,1309977.9,68343968.55,2026-07,6683.560714285713,0.019167425126061104
0-30,HIGH,Haryana,188,1326216.62,64675269.62,2026-07,7054.343723404256,0.020505776439622057
0-30,HIGH,Karnataka,169,1394122.82,59852337.5,2026-07,8249.247455621302,0.023292704650006362
0-30,HIGH,Maharashtra,407,2933940.52,148154692.83,2026-07,7208.699066339066,0.01980322367085967
0-30,HIGH,Odisha,224,1225279.03,74203173.36,2026-07,5469.995669642857,0.01651248827399206
0-30,HIGH,Rajasthan,200,818758.07,71598668.63,2026-07,4093.7903499999998,0.011435381211221833
0-30,HIGH,Tamil Nadu,176,731260.38,65577569.41,2026-07,4154.888522727273,0.011151074774181693
0-30,HIGH,Telangana,213,1529150.54,78167729.17,2026-07,7179.110516431925,0.01956242756744778
0-30,HIGH,UNKNOWN,205,1307066.61,73201732.67,2026-07,6375.93468292683,0.017855678579254047
0-30,HIGH,West Bengal,223,1447903.6,75233672.65,2026-07,6492.841255605382,0.019245419623948132
0-30,LOW,Delhi,189,1099098.48,72725740.64,2026-07,5815.3358730158725,0.015112922471847376
0-30,LOW,Haryana,198,999057.44,72433258.57,2026-07,5045.744646464646,0.013792799878449538
0-30,LOW,Karnataka,191,1571776.41,63184055.85,2026-07,8229.195863874345,0.024876155682873907
0-30,LOW,Maharashtra,404,2870682.56,140457807.23,2026-07,7105.649900990099,0.02043804197583158
0-30,LOW,Odisha,173,2125372.81,60106914.67,2026-07,12285.39196531792,0.03535987201586968
0-30,LOW,Rajasthan,178,1351947.01,64925948.32,2026-07,7595.207921348315,0.020822907404242592
0-30,LOW,Tamil Nadu,195,1103998.93,69347800.66,2026-07,5661.532974358974,0.01591973962393864
0-30,LOW,Telangana,227,995697.3300000001,80356720.97,2026-07,4386.331850220265,0.012390965161106176
0-30,LOW,UNKNOWN,225,1865674.11,75135985.82000001,2026-07,8291.884933333335,0.024830633279631333
0-30,LOW,West Bengal,196,1022796.38,69955125.27,2026-07,5218.34887755102,0.014620749745674783
0-30,MEDIUM,Delhi,212,1236746.3699999999,75707497.54,2026-07,5833.70929245283,0.01633585061171208
0-30,MEDIUM,Haryana,184,1127336.3,65366529.99,2026-07,6126.827717391305,0.017246384352549597
0-30,MEDIUM,Karnataka,238,926476.4199999999,82030622.28,2026-07,3892.7580672268905,0.011294275165164576
0-30,MEDIUM,Maharashtra,394,2599612.5,142724499.99,2026-07,6598.001269035533,0.01821419938540434
0-30,MEDIUM,Odisha,217,1306020.24,74045417.33,2026-07,6018.526451612903,0.017638096820758373
0-30,MEDIUM,Rajasthan,225,2126595.03,79075912.9,2026-07,9451.533466666666,0.02689308225488725
0-30,MEDIUM,Tamil Nadu,206,813075.21,70231519.71,2026-07,3946.9670388349514,0.01157706985919357
0-30,MEDIUM,Telangana,222,1257588.28,75887097.45,2026-07,5664.812072072073,0.016571832660072307
0-30,MEDIUM,UNKNOWN,193,1733099.91,68918478.97,2026-07,8979.792279792746,0.025147100398928028
0-30,MEDIUM,West Bengal,194,1050262.7,65440633.41,2026-07,5413.725257731959,0.01604909129500432
0-30,NPA,Delhi,203,958550.27,76391453.57,2026-07,4721.922512315271,0.012547873161251591
0-30,NPA,Haryana,183,926301.65,63666817.9,2026-07,5061.7576502732245,0.014549206015838905
0-30,NPA,Karnataka,212,1160140.57,72355652.69,2026-07,5472.361179245283,0.01603386227432012
0-30,NPA,Maharashtra,373,1995229.17,133606206.14,2026-07,5349.139865951743,0.014933656359565273
0-30,NPA,Odisha,212,1506558.8699999999,79629214.2,2026-07,7106.4097641509425,0.018919675211362313
0-30,NPA,Rajasthan,184,771115.05,61928991.36,2026-07,4190.842663043479,0.012451600342034056
0-30,NPA,Tamil Nadu,203,567355.7,72679018.99,2026-07,2794.8556650246305,0.0078063202817592135
0-30,NPA,Telangana,211,1571466.49,73531959.95,2026-07,7447.7084834123225,0.021371203638099134
0-30,NPA,UNKNOWN,225,1708392.58,78786311.55,2026-07,7592.855911111112,0.021683875617350183
0-30,NPA,West Bengal,181,1691683.3699999999,64384479.57,2026-07,9346.316961325967,0.026274707527312858
31-60,HIGH,Delhi,83,566107.78,27659973.33,2026-07,6820.575662650603,0.020466678447082946
31-60,HIGH,Haryana,85,159666.06,33192461.0,2026-07,1878.4242352941176,0.004810310992005082
31-60,HIGH,Karnataka,92,535194.61,32390047.34,2026-07,5817.332717391304,0.016523427841337635
31-60,HIGH,Maharashtra,194,532718.15,61945428.38,2026-07,2745.969845360825,0.008599797659515355
31-60,HIGH,Odisha,57,567665.3500000001,21008981.35,2026-07,9959.041228070177,0.027020127275233174
31-60,HIGH,Rajasthan,63,172651.42,21560848.16,2026-07,2740.4987301587303,0.008007635818348995
31-60,HIGH,Tamil Nadu,91,147210.03,31978008.73,2026-07,1617.6926373626372,0.0046034770721009805
31-60,HIGH,Telangana,68,357201.47,25424064.27,2026-07,5252.962794117647,0.014049739105698067
31-60,HIGH,UNKNOWN,88,654597.92,29982388.68,2026-07,7438.612727272728,0.02183274745006074
31-60,HIGH,West Bengal,70,597513.32,23662881.8,2026-07,8535.904571428571,0.02525107994242696
31-60,LOW,Delhi,85,625034.8,30616317.27,2026-07,7353.350588235295,0.020415087630818767
31-60,LOW,Haryana,74,435633.91000000003,27844048.21,2026-07,5886.94472972973,0.0156454947468287
31-60,LOW,Karnataka,86,452771.19999999995,32118190.72,2026-07,5264.781395348837,0.014097033171861057
31-60,LOW,Maharashtra,180,853407.4,63871303.53,2026-07,4741.152222222222,0.013361358745389613
31-60,LOW,Odisha,75,312511.57,25151307.57,2026-07,4166.820933333333,0.012425261355904925
31-60,LOW,Rajasthan,77,300030.28,26617363.75,2026-07,3896.4971428571434,0.011271975798129144
31-60,LOW,Tamil Nadu,82,468567.70999999996,29521320.68,2026-07,5714.240365853658,0.015872179807912307
31-60,LOW,Telangana,90,628717.01,30146359.63,2026-07,6985.744555555556,0.02085548695486056
31-60,LOW,UNKNOWN,90,607303.01,32873379.72,2026-07,6747.811222222223,0.018474005872615523
31-60,LOW,West Bengal,96,759045.9299999999,32416381.36,2026-07,7906.728437499999,0.023415504697159695
31-60,MEDIUM,Delhi,79,561678.13,28551479.0,2026-07,7109.8497468354435,0.019672470557479702
31-60,MEDIUM,Haryana,79,480658.98,28956053.71,2026-07,6084.290886075949,0.016599602446310008
31-60,MEDIUM,Karnataka,74,758716.79,30357753.36,2026-07,10252.929594594596,0.024992521053936123
31-60,MEDIUM,Maharashtra,149,812823.27,50858128.83,2026-07,5455.1897315436245,0.015982170180050645
31-60,MEDIUM,Odisha,86,255045.79,29566495.66,2026-07,2965.6487209302327,0.008626175821879595
31-60,MEDIUM,Rajasthan,83,1051514.6300000001,29328923.08,2026-07,12668.850963855422,0.035852480063171835
31-60,MEDIUM,Tamil Nadu,90,160002.83000000002,32346503.97,2026-07,1777.8092222222224,0.0049465262195999855
31-60,MEDIUM,Telangana,86,422105.31,30160750.5,2026-07,4908.201279069767,0.013995185895656011
31-60,MEDIUM,UNKNOWN,84,874176.52,28015893.55,2026-07,10406.863333333333,0.03120287841042286
31-60,MEDIUM,West Bengal,86,696514.72,31235727.24,2026-07,8099.008372093023,0.02229865546744991
31-60,NPA,Delhi,88,431863.31,29161854.55,2026-07,4907.537613636364,0.014809185378095235
31-60,NPA,Haryana,90,477833.19,28446013.63,2026-07,5309.257666666666,0.016797896401767282
31-60,NPA,Karnataka,88,1120433.43,29083063.11,2026-07,12732.198068181817,0.038525289642367386
31-60,NPA,Maharashtra,162,917463.38,59876223.27,2026-07,5663.354197530864,0.015322666158533081
31-60,NPA,Odisha,96,619929.45,34551127.89,2026-07,6457.5984375,0.017942379536021565
31-60,NPA,Rajasthan,83,474655.96,25133080.03,2026-07,5718.746506024097,0.018885705987225953
31-60,NPA,Tamil Nadu,85,420017.57,30347070.28,2026-07,4941.383176470588,0.013840465195640625
31-60,NPA,Telangana,58,349934.21,21696782.1,2026-07,6033.348448275862,0.016128392145303427
31-60,NPA,UNKNOWN,87,569946.64,29683462.74,2026-07,6551.110804597702,0.01920081376597507
31-60,NPA,West Bengal,75,640014.56,23207091.28,2026-07,8533.527466666668,0.02757840490555437
61-90,HIGH,Delhi,83,524910.28,28446563.41,2026-07,6324.220240963856,0.018452502414245054
61-90,HIGH,Haryana,72,156362.58000000002,28218627.37,2026-07,2171.7025000000003,0.005541112186279952
61-90,HIGH,Karnataka,81,737260.9,28851312.87,2026-07,9101.986419753086,0.025553807666292172
61-90,HIGH,Maharashtra,153,1229957.44,54276936.87,2026-07,8038.937516339869,0.022660774740216102
61-90,HIGH,Odisha,73,643538.73,24710023.13,2026-07,8815.59904109589,0.026043631226661666
61-90,HIGH,Rajasthan,73,459426.02,23987508.44,2026-07,6293.507123287672,0.019152719472685674
61-90,HIGH,Tamil Nadu,88,908877.54,31772481.28,2026-07,10328.153863636364,0.028605809284782433
61-90,HIGH,Telangana,70,349692.01999999996,21966765.99,2026-07,4995.600285714285,0.015919139856963534
61-90,HIGH,UNKNOWN,90,455956.29000000004,33808562.1,2026-07,5066.1810000000005,0.013486414732793384
61-90,HIGH,West Bengal,92,635646.43,37905236.29,2026-07,6909.200326086957,0.01676935674894325
61-90,LOW,Delhi,87,806805.52,31232077.55,2026-07,9273.626666666667,0.025832592106893
61-90,LOW,Haryana,90,693841.1799999999,30793951.19,2026-07,7709.3464444444435,0.02253173604513984
61-90,LOW,Karnataka,94,630051.8,30158832.57,2026-07,6702.678723404256,0.02089112032230099
61-90,LOW,Maharashtra,159,1046566.35,54256940.06,2026-07,6582.178301886793,0.019289078021035747
61-90,LOW,Odisha,74,95773.94,26072195.45,2026-07,1294.2424324324325,0.0036734129346211236
61-90,LOW,Rajasthan,76,532487.95,26823615.28,2026-07,7006.420394736841,0.019851460902700506
61-90,LOW,Tamil Nadu,71,252681.66999999998,22850656.57,2026-07,3558.89676056338,0.011057961036084137
61-90,LOW,Telangana,78,742509.19,28779361.97,2026-07,9519.34858974359,0.025800057373544336
61-90,LOW,UNKNOWN,101,734070.0399999999,34164540.17,2026-07,7268.020198019801,0.02148631406561676
61-90,LOW,West Bengal,89,283820.37,31578569.93,2026-07,3188.9929213483147,0.008987752473564911
61-90,MEDIUM,Delhi,91,246657.71,31884801.62,2026-07,2710.5242857142857,0.007735902294128809
61-90,MEDIUM,Haryana,67,96614.94,20714767.77,2026-07,1442.0140298507463,0.004664060976822624
61-90,MEDIUM,Karnataka,75,358717.66000000003,25987537.9,2026-07,4782.902133333334,0.013803449229409303
61-90,MEDIUM,Maharashtra,160,1127282.1099999999,59059229.99,2026-07,7045.513187499999,0.019087314721016053
61-90,MEDIUM,Odisha,90,364657.48,29722623.830000002,2026-07,4051.7497777777776,0.012268684019475408
61-90,MEDIUM,Rajasthan,80,418386.16,26008360.14,2026-07,5229.826999999999,0.016086602836467796
61-90,MEDIUM,Tamil Nadu,73,371663.75,25941548.7,2026-07,5091.284246575343,0.01432696845890315
61-90,MEDIUM,Telangana,90,715738.19,31062980.43,2026-07,7952.646555555555,0.02304151694693
61-90,MEDIUM,UNKNOWN,83,291610.27,27468696.49,2026-07,3513.376746987952,0.0106160942186012
61-90,MEDIUM,West Bengal,100,299264.83999999997,33244835.32,2026-07,2992.6483999999996,0.009001844560798984
61-90,NPA,Delhi,71,682359.51,21816484.88,2026-07,9610.697323943663,0.03127724350431654
61-90,NPA,Haryana,68,674037.73,23551662.81,2026-07,9912.319558823528,0.028619538902102684
61-90,NPA,Karnataka,82,848630.61,28074929.31,2026-07,10349.153780487804,0.030227346278579106
61-90,NPA,Maharashtra,171,908664.12,60040405.18,2026-07,5313.825263157894,0.01513421032512759
61-90,NPA,Odisha,85,270568.95,29074753.15,2026-07,3183.164117647059,0.009305975827347653
61-90,NPA,Rajasthan,87,894070.54,29508038.919999998,2026-07,10276.672873563219,0.030299219220360173
61-90,NPA,Tamil Nadu,76,154419.6,23285043.25,2026-07,2031.8368421052633,0.006631707673551347
61-90,NPA,Telangana,81,382266.12,25462471.830000002,2026-07,4719.334814814814,0.01501292264758099
61-90,NPA,UNKNOWN,84,597777.61,27888739.95,2026-07,7116.400119047619,0.021434371401207748
61-90,NPA,West Bengal,76,395928.91000000003,27128745.52,2026-07,5209.590921052632,0.014594442257129478
90+,HIGH,Delhi,82,621140.17,25663252.59,2026-07,7574.88012195122,0.024203485813876723
90+,HIGH,Haryana,78,488361.27999999997,26017411.78,2026-07,6261.042051282051,0.018770555815832958
90+,HIGH,Karnataka,91,99474.72,34128227.39,2026-07,1093.1287912087912,0.0029147344473316344
90+,HIGH,Maharashtra,156,852280.76,53824139.44,2026-07,5463.338205128205,0.015834545036248517
90+,HIGH,Odisha,94,398920.87,35986507.64,2026-07,4243.839042553192,0.011085289908948776
90+,HIGH,Rajasthan,66,220791.56999999998,25018742.42,2026-07,3345.326818181818,0.008825046690736103
90+,HIGH,Tamil Nadu,89,348272.64,32372586.73,2026-07,3913.1757303370787,0.010758257994788297
90+,HIGH,Telangana,87,487232.51,29641735.76,2026-07,5600.37367816092,0.016437381196059888
90+,HIGH,UNKNOWN,81,665975.13,30402044.09,2026-07,8221.915185185186,0.021905603716266434
90+,HIGH,West Bengal,82,419031.05,26003022.11,2026-07,5110.134756097561,0.016114705753330606
90+,LOW,Delhi,75,143978.19,28452490.580000002,2026-07,1919.7092,0.0050603018247269375
90+,LOW,Haryana,66,529057.77,21760922.7,2026-07,8016.026818181818,0.024312285710201068
90+,LOW,Karnataka,82,729647.9,25596560.64,2026-07,8898.14512195122,0.028505700834657137
90+,LOW,Maharashtra,181,1788778.62,64605598.75,2026-07,9882.754806629835,0.02768767188308119
90+,LOW,Odisha,91,242125.65999999997,32460312.81,2026-07,2660.7215384615383,0.007459128980587294
90+,LOW,Rajasthan,76,373724.96,25127188.65,2026-07,4917.433684210527,0.014873329651226225
90+,LOW,Tamil Nadu,92,813220.3300000001,31552122.03,2026-07,8839.35141304348,0.025773871222568925
90+,LOW,Telangana,84,711849.47,28627911.51,2026-07,8474.398452380952,0.024865574624657626
90+,LOW,UNKNOWN,95,544530.1900000001,30979903.6,2026-07,5731.896736842106,0.017576884583979147
90+,LOW,West Bengal,83,645085.8,29124587.62,2026-07,7772.118072289157,0.02214918227913436
90+,MEDIUM,Delhi,80,324663.51,25752450.83,2026-07,4058.2938750000003,0.012607091734421925
90+,MEDIUM,Haryana,63,396041.7,19845890.54,2026-07,6286.3761904761905,0.01995585429647341
90+,MEDIUM,Karnataka,76,470359.64,26474259.29,2026-07,6188.942631578948,0.0177666779964517
90+,MEDIUM,Maharashtra,121,1173597.03,38644864.83,2026-07,9699.149008264463,0.030368770473455944
90+,MEDIUM,Odisha,78,648791.71,27413780.72,2026-07,8317.842435897435,0.023666626527243922
90+,MEDIUM,Rajasthan,76,921489.53,26460542.91,2026-07,12124.862236842106,0.03482504244656861
90+,MEDIUM,Tamil Nadu,89,557714.14,31750435.98,2026-07,6266.451011235955,0.017565558480876015
90+,MEDIUM,Telangana,89,234805.34000000003,30785314.42,2026-07,2638.2622471910117,0.007627186677276757
90+,MEDIUM,UNKNOWN,100,723421.0,32534590.46,2026-07,7234.21,0.022235442025600956
90+,MEDIUM,West Bengal,71,142020.34,24243069.25,2026-07,2000.2864788732393,0.005858183158883647
90+,NPA,Delhi,90,272937.94,32619360.45,2026-07,3032.643777777778,0.008367360249701033
90+,NPA,Haryana,76,189098.45,28068721.04,2026-07,2488.1375000000003,0.006736981344127535
90+,NPA,Karnataka,68,636842.91,25553596.509999998,2026-07,9365.336911764707,0.024921850423316405
90+,NPA,Maharashtra,145,808016.8,49897647.01,2026-07,5572.529655172414,0.016193485032231385
90+,NPA,Odisha,95,526366.63,29420494.51,2026-07,5540.701368421052,0.017891155086502318
90+,NPA,Rajasthan,81,460777.14,28053513.94,2026-07,5688.606666666667,0.016424934893557223
90+,NPA,Tamil Nadu,93,180925.5,31343100.15,2026-07,1945.4354838709678,0.005772418782256292
90+,NPA,Telangana,91,1105619.63,32022164.87,2026-07,12149.666263736262,0.0345266984442954
90+,NPA,UNKNOWN,84,817604.96,33047247.16,2026-07,9733.39238095238,0.02474048613010101
90+,NPA,West Bengal,79,751251.3300000001,26279372.42,2026-07,9509.510506329116,0.0285871107571906
0-30,HIGH,Delhi,193,77894.07,67413975.63,2026-08,403.59621761658036,0.001155458779460208
0-30,HIGH,Haryana,177,594630.79,61428213.32,2026-08,3359.4959887005652,0.009680092548066968
0-30,HIGH,Karnataka,173,251816.26,60362294.02,2026-08,1455.5853179190751,0.004171747679380194
0-30,HIGH,Maharashtra,382,363659.97000000003,139181948.57,2026-08,951.9894502617802,0.0026128386169065694
0-30,HIGH,Odisha,212,309860.60000000003,70688349.59,2026-08,1461.606603773585,0.004383474812995701
0-30,HIGH,Rajasthan,190,385000.70999999996,65993461.05,2026-08,2026.3195263157893,0.005833922086739834
0-30,HIGH,Tamil Nadu,169,564085.42,63848325.91,2026-08,3337.7835502958583,0.008834772281972273
0-30,HIGH,Telangana,198,364626.99,72912252.05,2026-08,1841.5504545454544,0.005000901491150691
0-30,HIGH,UNKNOWN,192,583677.95,67749803.52,2026-08,3039.9893229166664,0.008615197678436012
0-30,HIGH,West Bengal,212,534385.9299999999,70455321.96,2026-08,2520.6883490566033,0.0075847489605311855
0-30,LOW,Delhi,181,166580.65999999997,69766030.02,2026-08,920.3351381215468,0.0023877044451611463
0-30,LOW,Haryana,193,170867.66999999998,70492766.45,2026-08,885.3247150259067,0.002423903594721242
0-30,LOW,Karnataka,186,249309.58000000002,60551198.46,2026-08,1340.3740860215055,0.004117335186432246
0-30,LOW,Maharashtra,398,310758.5,136740710.19,2026-08,780.8002512562814,0.0022726114232418703
0-30,LOW,Odisha,175,321446.63,60915402.74,2026-08,1836.8378857142857,0.005276935151721858
0-30,LOW,Rajasthan,170,154949.46000000002,61803349.37,2026-08,911.467411764706,0.002507136936420053
0-30,LOW,Tamil Nadu,188,706888.69,65721778.6,2026-08,3760.046223404255,0.010755775407453746
0-30,LOW,Telangana,222,93003.93000000001,77561226.72,2026-08,418.93662162162167,0.0011991033913858655
0-30,LOW,UNKNOWN,205,90296.17,68821257.88,2026-08,440.4691219512195,0.001312038936536799
0-30,LOW,West Bengal,182,96326.93,62149310.07,2026-08,529.2688461538461,0.0015499275839346415
0-30,MEDIUM,Delhi,215,563528.19,76310448.77,2026-08,2621.061348837209,0.007384679281581428
0-30,MEDIUM,Haryana,174,351572.14,62016874.79,2026-08,2020.5295402298852,0.0056689754391927175
0-30,MEDIUM,Karnataka,234,40195.05,80721259.74,2026-08,171.77371794871797,0.0004979487452186287
0-30,MEDIUM,Maharashtra,374,436973.0,133418881.43,2026-08,1168.3770053475937,0.003275196099056367
0-30,MEDIUM,Odisha,212,38080.31,70310632.66,2026-08,179.6241037735849,0.000541601014801621
0-30,MEDIUM,Rajasthan,211,444079.7,73402514.7,2026-08,2104.643127962085,0.006049924880843353
0-30,MEDIUM,Tamil Nadu,195,259993.66,68634464.86,2026-08,1333.3008205128206,0.003788091894215725
0-30,MEDIUM,Telangana,212,224029.19,71059062.09,2026-08,1056.7414622641509,0.0031527180828288355
0-30,MEDIUM,UNKNOWN,186,221501.73,66946038.29,2026-08,1190.8695161290323,0.0033086607610817594
0-30,MEDIUM,West Bengal,189,106781.19,64465155.73,2026-08,564.9798412698412,0.0016564171573125897
0-30,NPA,Delhi,202,180730.28,76620506.89,2026-08,894.7043564356436,0.002358771657037781
0-30,NPA,Haryana,174,206747.51,60374040.78,2026-08,1188.2040804597702,0.003424443806128161
0-30,NPA,Karnataka,201,225121.18,65323974.3,2026-08,1120.0058706467662,0.0034462260205745015
0-30,NPA,Maharashtra,365,659138.35,130786017.02,2026-08,1805.8584931506848,0.005039822796187788
0-30,NPA,Odisha,215,301600.86,78537094.58,2026-08,1402.7946976744186,0.0038402344982698747
0-30,NPA,Rajasthan,181,198422.77000000002,62996942.65,2026-08,1096.2583977900554,0.003149720631720213
0-30,NPA,Tamil Nadu,189,521892.75,67178523.63,2026-08,2761.3373015873017,0.007768743964580635
0-30,NPA,Telangana,205,267021.63,70434010.74,2026-08,1302.544536585366,0.0037910893784777254
0-30,NPA,UNKNOWN,207,583085.74,73915957.02,2026-08,2816.8393236714974,0.007888496117857611
0-30,NPA,West Bengal,173,107009.45,59649501.87,2026-08,618.5517341040462,0.0017939705554158051
31-60,HIGH,Delhi,82,176395.37,27437872.78,2026-08,2151.1630487804878,0.006428901081886275
31-60,HIGH,Haryana,79,270575.4,31124661.78,2026-08,3425.0050632911393,0.008693280007748248
31-60,HIGH,Karnataka,94,34896.2,33560631.78,2026-08,371.2361702127659,0.0010397956817009598
31-60,HIGH,Maharashtra,181,301855.9,59322810.28,2026-08,1667.7121546961328,0.005088361434248627
31-60,HIGH,Odisha,63,139916.74,23660478.04,2026-08,2220.9006349206347,0.005913521263748735
31-60,HIGH,Rajasthan,60,0.0,20590708.18,2026-08,0.0,0.0
31-60,HIGH,Tamil Nadu,86,123242.78,29942103.78,2026-08,1433.0555813953488,0.004116036097714708
31-60,HIGH,Telangana,66,0.0,24648672.92,2026-08,0.0,0.0
31-60,HIGH,UNKNOWN,82,207198.08,28088370.17,2026-08,2526.8058536585363,0.007376650149010763
31-60,HIGH,West Bengal,65,0.0,21239304.71,2026-08,0.0,0.0
31-60,LOW,Delhi,76,0.0,26392069.79,2026-08,0.0,0.0
31-60,LOW,Haryana,78,0.0,29659579.85,2026-08,0.0,0.0
31-60,LOW,Karnataka,75,100466.02,28805347.37,2026-08,1339.5469333333333,0.0034877558916242292
31-60,LOW,Maharashtra,181,305097.97,64129291.78,2026-08,1685.6241436464086,0.004757544665340447
31-60,LOW,Odisha,72,2244.04,24401674.19,2026-08,31.16722222222222,9.196254250946541e-05
31-60,LOW,Rajasthan,74,162998.05,26031460.54,2026-08,2202.676351351351,0.006261579128437178
31-60,LOW,Tamil Nadu,81,104887.85,29735367.0,2026-08,1294.9117283950618,0.0035273770120274623
31-60,LOW,Telangana,83,35025.89,26711210.39,2026-08,421.9986746987952,0.0013112805256145488
31-60,LOW,UNKNOWN,88,46596.57,32884650.23,2026-08,529.5064772727272,0.0014169702178401427
31-60,LOW,West Bengal,91,135859.13,31647616.03,2026-08,1492.9574725274726,0.0042928709028577025
31-60,MEDIUM,Delhi,79,255635.88000000003,28580083.89,2026-08,3235.897215189874,0.008944546173618667
31-60,MEDIUM,Haryana,78,9642.93,27762909.31,2026-08,123.6273076923077,0.000347331394283188
31-60,MEDIUM,Karnataka,74,113523.15,28969843.65,2026-08,1534.0966216216216,0.0039186662990499084
31-60,MEDIUM,Maharashtra,148,264331.82,49870489.5,2026-08,1786.0258108108108,0.005300365459617155
31-60,MEDIUM,Odisha,85,255031.16,29200393.75,2026-08,3000.3665882352943,0.008733826063561215
31-60,MEDIUM,Rajasthan,77,82458.74,27112671.47,2026-08,1070.8927272727274,0.00304133585992218
31-60,MEDIUM,Tamil Nadu,81,236068.74,29901479.35,2026-08,2914.4288888888887,0.007894884973308184
31-60,MEDIUM,Telangana,77,3282.69,27618623.41,2026-08,42.63233766233766,0.00011885784281382473
31-60,MEDIUM,UNKNOWN,80,0.0,26532784.66,2026-08,0.0,0.0
31-60,MEDIUM,West Bengal,85,0.0,31460385.41,2026-08,0.0,0.0
31-60,NPA,Delhi,81,0.0,27176870.3,2026-08,0.0,0.0
31-60,NPA,Haryana,86,193194.87,27691309.8,2026-08,2246.451976744186,0.006976732823233952
31-60,NPA,Karnataka,83,574929.54,27253964.650000002,2026-08,6926.861927710844,0.021095262556598347
31-60,NPA,Maharashtra,156,356614.98,58235742.64,2026-08,2285.9934615384614,0.006123644412066863
31-60,NPA,Odisha,89,458664.32,32445218.93,2026-08,5153.531685393258,0.014136576516545022
31-60,NPA,Rajasthan,73,0.0,21965763.69,2026-08,0.0,0.0
31-60,NPA,Tamil Nadu,81,72227.12,29104448.75,2026-08,891.6928395061727,0.0024816522250743537
31-60,NPA,Telangana,62,108965.01,22775405.12,2026-08,1757.5001612903225,0.004784328069067515
31-60,NPA,UNKNOWN,78,104263.76,26635771.5,2026-08,1336.7148717948717,0.003914426131790476
31-60,NPA,West Bengal,70,661366.37,22570779.37,2026-08,9448.091,0.029301884492258894
61-90,HIGH,Delhi,84,417356.31,28863841.61,2026-08,4968.5275,0.014459485872989447
61-90,HIGH,Haryana,67,72032.09000000001,27480452.45,2026-08,1075.1058208955226,0.002621211937141887
61-90,HIGH,Karnataka,68,104894.71,25359103.68,2026-08,1542.5692647058825,0.0041363729303542955
61-90,HIGH,Maharashtra,152,101932.84999999999,54468151.06,2026-08,670.6108552631579,0.0018714211519262828
61-90,HIGH,Odisha,70,238003.95,23184843.8,2026-08,3400.0564285714286,0.010265497238329464
61-90,HIGH,Rajasthan,66,75938.45,22741276.15,2026-08,1150.5825757575758,0.003339234328764791
61-90,HIGH,Tamil Nadu,87,3591.77,31491695.01,2026-08,41.28471264367816,0.00011405451497162839
61-90,HIGH,Telangana,71,0.0,21023144.58,2026-08,0.0,0.0
61-90,HIGH,UNKNOWN,88,0.0,32613701.9,2026-08,0.0,0.0
61-90,HIGH,West Bengal,85,345303.4,34147892.660000004,2026-08,4062.3929411764707,0.010111997347481413
61-90,LOW,Delhi,88,273765.76,30344377.3,2026-08,3110.9745454545455,0.009021960058478445
61-90,LOW,Haryana,87,181354.33000000002,29033061.43,2026-08,2084.5325287356322,0.006246476295214453
61-90,LOW,Karnataka,86,116422.78,28458886.99,2026-08,1353.7532558139535,0.004090911216623093
61-90,LOW,Maharashtra,153,184786.17,52474439.72,2026-08,1207.7527450980392,0.0035214510337986706
61-90,LOW,Odisha,74,220683.40999999997,25390528.56,2026-08,2982.208243243243,0.008691564237369305
61-90,LOW,Rajasthan,74,63794.64,25827978.82,2026-08,862.0897297297297,0.0024699818922958214
61-90,LOW,Tamil Nadu,72,114077.71,24016038.81,2026-08,1584.412638888889,0.004750063526400506
61-90,LOW,Telangana,74,0.0,27524553.06,2026-08,0.0,0.0
61-90,LOW,UNKNOWN,96,34157.67,32613054.56,2026-08,355.8090625,0.0010473618758144315
61-90,LOW,West Bengal,79,0.0,26887758.47,2026-08,0.0,0.0
61-90,MEDIUM,Delhi,91,278964.48,33932128.53,2026-08,3065.5437362637363,0.008221249066452241
61-90,MEDIUM,Haryana,65,43510.44,21148429.72,2026-08,669.3913846153846,0.002057383955975338
61-90,MEDIUM,Karnataka,70,0.0,23173648.82,2026-08,0.0,0.0
61-90,MEDIUM,Maharashtra,161,0.0,59390792.38,2026-08,0.0,0.0
61-90,MEDIUM,Odisha,88,0.0,28661162.16,2026-08,0.0,0.0
61-90,MEDIUM,Rajasthan,72,154373.58,23197332.59,2026-08,2144.0775,0.006654798753307868
61-90,MEDIUM,Tamil Nadu,66,276109.55,23121116.65,2026-08,4183.47803030303,0.011941877815836374
61-90,MEDIUM,Telangana,81,233368.65999999997,27713943.7,2026-08,2881.0945679012343,0.008420622576353143
61-90,MEDIUM,UNKNOWN,77,0.0,25564434.78,2026-08,0.0,0.0
61-90,MEDIUM,West Bengal,89,375672.88,31023348.49,2026-08,4221.043595505618,0.01210935950776215
61-90,NPA,Delhi,70,27155.39,22242421.419999998,2026-08,387.93414285714283,0.001220882811598127
61-90,NPA,Haryana,63,101718.18,22522258.77,2026-08,1614.5742857142857,0.00451634008110635
61-90,NPA,Karnataka,78,137771.22,26773538.89,2026-08,1766.2976923076924,0.005145797892689411
61-90,NPA,Maharashtra,164,303002.19,56185569.54,2026-08,1847.5743292682928,0.005392882771870537
61-90,NPA,Odisha,81,0.0,27530056.66,2026-08,0.0,0.0
61-90,NPA,Rajasthan,91,148808.55,30431904.29,2026-08,1635.258791208791,0.004889886238532199
61-90,NPA,Tamil Nadu,69,175752.16,21364293.06,2026-08,2547.1327536231884,0.008226443978577403
61-90,NPA,Telangana,82,0.0,27407771.53,2026-08,0.0,0.0
61-90,NPA,UNKNOWN,79,114220.09,27050148.29,2026-08,1445.823924050633,0.004222531010753287
61-90,NPA,West Bengal,67,0.0,24395162.29,2026-08,0.0,0.0
90+,HIGH,Delhi,83,144525.38999999998,25783360.4,2026-08,1741.2697590361445,0.005605374464687698
90+,HIGH,Haryana,74,126644.76999999999,25169015.88,2026-08,1711.4158108108106,0.005031772819557695
90+,HIGH,Karnataka,93,0.0,35139558.85,2026-08,0.0,0.0
90+,HIGH,Maharashtra,157,402741.98,54372636.0,2026-08,2565.2355414012736,0.007407071086272146
90+,HIGH,Odisha,90,107948.17,35903169.65,2026-08,1199.4241111111112,0.0030066473532093844
90+,HIGH,Rajasthan,68,136189.83,25552195.76,2026-08,2002.7916176470587,0.005329867980003296
90+,HIGH,Tamil Nadu,87,142435.72,32225889.900000002,2026-08,1637.192183908046,0.004419915801921734
90+,HIGH,Telangana,94,321180.05,32593347.78,2026-08,3416.8090425531914,0.009854159571698958
90+,HIGH,UNKNOWN,88,153262.36,32590180.77,2026-08,1741.617727272727,0.004702715860388276
90+,HIGH,West Bengal,79,0.0,25947725.0,2026-08,0.0,0.0
90+,LOW,Delhi,74,229478.17,29404242.490000002,2026-08,3101.0563513513516,0.007804253759573726
90+,LOW,Haryana,72,0.0,24110176.43,2026-08,0.0,0.0
90+,LOW,Karnataka,78,0.0,24878677.52,2026-08,0.0,0.0
90+,LOW,Maharashtra,176,435154.15,63413787.23,2026-08,2472.4667613636366,0.0068621378568939325
90+,LOW,Odisha,92,0.0,34854753.37,2026-08,0.0,0.0
90+,LOW,Rajasthan,75,0.0,24812772.32,2026-08,0.0,0.0
90+,LOW,Tamil Nadu,88,189402.81,29934071.49,2026-08,2152.304659090909,0.0063273320524831825
90+,LOW,Telangana,88,0.0,29436762.419999998,2026-08,0.0,0.0
90+,LOW,UNKNOWN,100,147549.08,33417326.38,2026-08,1475.4907999999998,0.004415346647489636
90+,LOW,West Bengal,82,54554.27,29320774.3,2026-08,665.295975609756,0.0018606012734118005
90+,MEDIUM,Delhi,81,120876.66,26513346.58,2026-08,1492.3044444444445,0.004559087236885508
90+,MEDIUM,Haryana,63,0.0,20066485.97,2026-08,0.0,0.0
90+,MEDIUM,Karnataka,72,0.0,24475722.19,2026-08,0.0,0.0
90+,MEDIUM,Maharashtra,121,92842.08,39565846.02,2026-08,767.2899173553719,0.002346520783431993
90+,MEDIUM,Odisha,76,0.0,27185664.23,2026-08,0.0,0.0
90+,MEDIUM,Rajasthan,76,108332.16,27839951.36,2026-08,1425.423157894737,0.0038912481778129084
90+,MEDIUM,Tamil Nadu,85,113200.2,30698682.06,2026-08,1331.7670588235294,0.003687461232985583
90+,MEDIUM,Telangana,82,93169.7,29040276.330000002,2026-08,1136.2158536585366,0.003208292474261039
90+,MEDIUM,UNKNOWN,96,197841.58000000002,31570308.08,2026-08,2060.849791666667,0.006266697793973508
90+,MEDIUM,West Bengal,69,134156.7,23049210.39,2026-08,1944.3000000000002,0.005820446676047717
90+,NPA,Delhi,88,245289.61000000002,32137384.73,2026-08,2787.381931818182,0.007632531771355497
90+,NPA,Haryana,69,135384.42,25078482.32,2026-08,1962.093043478261,0.0053984295489855625
90+,NPA,Karnataka,70,201466.74,25965880.72,2026-08,2878.0962857142854,0.0077589026219635196
90+,NPA,Maharashtra,132,367266.13,46232932.73,2026-08,2782.3191666666667,0.007943820742344676
90+,NPA,Odisha,87,328925.29,28430028.41,2026-08,3780.7504597701145,0.011569643380458372
90+,NPA,Rajasthan,74,0.0,24494609.12,2026-08,0.0,0.0
90+,NPA,Tamil Nadu,87,225555.86,29159434.77,2026-08,2592.596091954023,0.007735261735322039
90+,NPA,Telangana,85,28706.04,30131017.44,2026-08,337.7181176470588,0.0009527072909888435
90+,NPA,UNKNOWN,86,37323.75,33562699.48,2026-08,433.9970930232558,0.0011120604295325296
90+,NPA,West Bengal,77,335901.42000000004,25216316.07,2026-08,4362.356103896104,0.013320796704306222
